scenario,scenario_id,D,noise_type,method,n_series,precision_mean,precision_ci_low,precision_ci_high,recall_mean,recall_ci_low,recall_ci_high,f1_mean,f1_ci_low,f1_ci_high,mae_mean,mae_ci_low,mae_ci_high,roc_auc_mean,roc_auc_ci_low,roc_auc_ci_high,pr_auc_mean,pr_auc_ci_low,pr_auc_ci_high
"D=0.5, white",eval_multi_D05_white,0.5,white,SNHT,50,1.0,1.0,1.0,0.64152366,0.54438076,0.7359998999999999,0.7249999800000001,0.64999998,0.79999998,1.36,1.02,1.72,,,,,,
"D=0.5, white",eval_multi_D05_white,0.5,white,Chow,50,0.92,0.84,0.98,0.56152366,0.45771412000000006,0.6653332000000001,0.64499998,0.55499996,0.7333332999999999,4.521739130434782,3.108695652173913,6.1521739130434785,0.6837799999999998,0.6632099,0.70434425,0.533188,0.48486639999999986,0.57966015
"D=0.5, white",eval_multi_D05_white,0.5,white,GRU_v2,50,0.32200002000000005,0.22200001999999996,0.4240250589999996,0.22990472,0.1613333395,0.3019047005,0.25342862,0.18152384,0.32895722199999994,3.1800000000000006,2.0064975000000005,4.52,0.918456,0.8971799000000001,0.9383602000000001,0.550688,0.49501969999999995,0.6016124999999999
"D=0.5, white",eval_multi_D05_white,0.5,white,CatBoost,50,0.35499998,0.24833332,0.46499998,0.2125713,0.1472380195,0.28323796,0.24336505999999997,0.17457141950000002,0.31257221300000004,4.28205,2.269230769230769,6.602561538461539,0.6498140000000001,0.59828865,0.6979162999999998,0.210782,0.15622504999999998,0.26695424999999995
"D=0.5, white",eval_multi_D05_white,0.5,white,LSTM_v2,50,0.23730156000000002,0.15762857,0.323779725,0.2089523,0.1466666,0.2740999604999999,0.20700300000000002,0.144317296,0.272617424,2.3186679999999997,1.6452693000000003,3.100004,0.866268,0.8404874000000001,0.8899726000000001,0.423976,0.3787270000000001,0.4726333
"D=0.5, white",eval_multi_D05_white,0.5,white,BuishandLR,50,0.44,0.3,0.58,0.13485702000000002,0.09199992,0.17867126199999994,0.20499997999999997,0.13999999950000003,0.2700416654999994,2.590909090909091,1.0454545454545454,4.818181818181818,0.48559399999999997,0.42331765000000005,0.5461134999999999,0.172998,0.11754500000000001,0.23190115000000003
"D=0.5, white",eval_multi_D05_white,0.5,white,BuishandQ,50,0.42,0.28,0.56,0.12819036,0.08666658,0.1708617614999999,0.19499998,0.12999998000000001,0.2616666405,2.3333333333333335,0.8571428571428571,4.523809523809524,0.48559399999999997,0.42301345,0.5462762,0.172998,0.11835530000000001,0.23253934999999998
"D=0.5, white",eval_multi_D05_white,0.5,white,BuishandRange,50,0.42,0.28,0.56,0.12819036,0.08552374,0.17104745999999998,0.19499998,0.13166664,0.26166666,2.3333333333333335,0.9047619047619048,4.523809523809524,0.48559399999999997,0.4234474,0.5464671999999999,0.172998,0.11777115,0.23002685
"D=0.5, white",eval_multi_D05_white,0.5,white,BuishandU,50,0.42,0.28,0.56,0.12819036,0.08533326000000001,0.17238079999999997,0.19499998,0.12999998000000001,0.26166663999999995,2.3333333333333335,0.9047619047619048,4.523809523809524,0.48559399999999997,0.42192005000000005,0.5469901,0.172998,0.11871720000000001,0.22993924999999998
"D=0.5, white",eval_multi_D05_white,0.5,white,Nyblom,50,0.42,0.28,0.56,0.12819036,0.08533326000000001,0.17085698000000002,0.19499998,0.1316666595,0.26166666,3.0,1.619047619047619,5.142857142857143,0.5181119999999999,0.46712979999999993,0.56625165,0.21159199999999997,0.1489464,0.2768517
"D=0.5, white",eval_multi_D05_white,0.5,white,LSTM,50,0.309,0.19566666,0.42833334,0.13923797999999998,0.0931284945,0.18723794,0.18543292,0.12281875149999999,0.25142877750000003,2.416665,1.275,4.116665,0.59472,0.53698995,0.64903885,0.14571800000000001,0.10415065000000001,0.18900675
"D=0.5, white",eval_multi_D05_white,0.5,white,GRU,50,0.23833330000000003,0.14333333950000002,0.33833330000000006,0.13257132,0.08647612,0.18057128,0.16376622000000002,0.1062809575,0.22523831499999997,2.1842105263157894,1.0789473684210527,3.8947368421052633,0.558074,0.49572735000000007,0.6197550499999999,0.10418200000000001,0.0737193,0.13657075
"D=0.5, white",eval_multi_D05_white,0.5,white,Pettitt,50,0.34,0.22,0.48,0.10152372,0.061523760000000004,0.14286178149999992,0.15499998,0.09499998000000001,0.2183333,1.8823529411764706,1.0,2.9411764705882355,,,,,,
"D=0.5, white",eval_multi_D05_white,0.5,white,MDL,50,0.245,0.14,0.36,0.1001904,0.0588571,0.14399988,0.13938240000000002,0.07995302700000001,0.20112923300000002,1.5666666666666667,1.1666666666666667,1.9666666666666666,,,,,,
"D=0.5, white",eval_multi_D05_white,0.5,white,Transformer_v2,50,0.06311624,0.042938541000000004,0.08529655699999998,0.28647624,0.20380955999999997,0.3731429405,0.10212254,0.07032206199999999,0.13664036349999997,2.8499999999999996,2.3466679999999998,3.3299999999999996,0.857636,0.8166555,0.8933642999999999,0.38254799999999994,0.3451277,0.4174281
"D=0.5, white",eval_multi_D05_white,0.5,white,CUSUM,50,0.058616200000000014,0.027691509000000003,0.10596347049999998,0.28914286000000006,0.2064761595,0.37734292349999987,0.0706801,0.044823906000000004,0.0998006305,7.854937037037037,5.4474525,10.392051203703703,0.25645399999999996,0.21188179999999998,0.3017497499999999,0.042078,0.03177775,0.05366015
"D=0.5, white",eval_multi_D05_white,0.5,white,SWAB,50,0.05416664,0.0225,0.08999998,0.05085710000000001,0.02189521650000001,0.08400470149999993,0.0510942,0.021743580000000002,0.08385608,12.555555555555555,6.666666666666667,18.333333333333332,,,,,,
"D=0.5, white",eval_multi_D05_white,0.5,white,GP,50,0.026666660000000002,0.0,0.07333332000000001,0.0095238,0.0,0.025714260000000003,0.013999999999999999,0.0,0.038,3.5,2.0,5.0,,,,,,
"D=1, white",eval_multi_D10_white,1.0,white,Transformer_v2,50,0.77365228,0.7521877414999999,0.795364644,0.64077016,0.6218030225,0.6600297725,0.6981657,0.6823145490000001,0.713759605,3.564676,3.38154985,3.7499072999999994,0.8151600000000001,0.8055238,0.8246761499999998,0.799072,0.78216545,0.8143119999999999
"D=1, white",eval_multi_D10_white,1.0,white,LSTM_v2,50,0.83957218,0.8163335365000001,0.8625322349999999,0.56936774,0.5442746375,0.5935504785,0.6749072199999999,0.6519998399999999,0.696339229,3.3539299999999996,3.1807493499999993,3.5438440499999997,0.8132159999999999,0.8032977,0.8230380999999999,0.8110300000000001,0.7953219000000001,0.82555805
"D=1, white",eval_multi_D10_white,1.0,white,GRU_v2,50,0.91257274,0.896047727,0.9288376539999998,0.51145068,0.48751223499999996,0.5347006459999999,0.6505095200000001,0.629973485,0.6698010754999999,3.6881399999999998,3.4480349499999994,3.9333830499999998,0.8467520000000001,0.8348459,0.8586986,0.85019,0.83498195,0.8643704000000001
"D=1, white",eval_multi_D10_white,1.0,white,CUSUM,50,0.46216248,0.44236298749999997,0.48171180099999994,0.6455314799999999,0.6252058505,0.6656939735,0.53438122,0.5177780959999999,0.5507078445000001,9.787472000000001,9.4283088,10.13660855,0.483212,0.4622571,0.5032168,0.46744199999999997,0.44614155000000005,0.48872825
"D=1, white",eval_multi_D10_white,1.0,white,CatBoost,50,0.9213905,0.9011588279999999,0.9412004414999999,0.32544894,0.31628077450000003,0.33537841999999995,0.47934787999999995,0.468860597,0.49001918899999997,2.293644,2.0264573500000003,2.5842223499999997,0.732974,0.7217756,0.7441539999999999,0.7875759999999999,0.77138145,0.80247805
"D=1, white",eval_multi_D10_white,1.0,white,LSTM,50,0.94672822,0.9286765435,0.9641118125,0.25663669999999994,0.2461901085,0.26733240199999997,0.40242938,0.3887682225000001,0.4164775095,2.2184440000000003,2.0114294999999998,2.43944095,0.683626,0.6705978500000002,0.6967462999999999,0.7098679999999998,0.6890858500000001,0.7287446999999999
"D=1, white",eval_multi_D10_white,1.0,white,GRU,50,0.9100366000000001,0.8816461995,0.936397344,0.22559620000000002,0.21293288900000001,0.2397273595,0.35889975999999996,0.3422875215000001,0.376561585,1.5286060000000001,1.29557225,1.7866452499999999,0.6635840000000001,0.6515359000000001,0.6752742,0.674824,0.6544057000000001,0.69400435
"D=1, white",eval_multi_D10_white,1.0,white,MDL,50,0.8294503199999999,0.7910933425,0.8665710325,0.18433664,0.175355189,0.194001673,0.3001556,0.2861043425,0.3144582425,3.4540699999999998,2.948713,3.9769357,,,,,,
"D=1, white",eval_multi_D10_white,1.0,white,SWAB,50,0.5408928,0.5026634655,0.5805853089999999,0.17668277999999998,0.16495166800000005,0.1880260095,0.26504024,0.24778211449999998,0.2824550785,10.737993999999999,9.898695049999999,11.603176899999998,,,,,,
"D=1, white",eval_multi_D10_white,1.0,white,GP,50,0.56742858,0.5031404205,0.63123816,0.09003343999999998,0.080647346,0.09924746999999999,0.15486468,0.1387002165,0.17075854249999994,5.7777140000000005,4.6317860999999985,6.98088005,,,,,,
"D=1, white",eval_multi_D10_white,1.0,white,BuishandLR,50,1.0,1.0,1.0,0.025121179999999996,0.023792477000000003,0.026661163999999998,0.0489625,0.046424054000000006,0.05179243349999999,1.72,1.2,2.38,0.497264,0.47473785,0.5203368,0.519014,0.49480399999999997,0.5428965
"D=1, white",eval_multi_D10_white,1.0,white,BuishandQ,50,1.0,1.0,1.0,0.025121179999999996,0.023791664499999997,0.0266481435,0.0489625,0.0464531565,0.05186114,1.72,1.22,2.34,0.497264,0.47433549999999997,0.5195140500000001,0.519014,0.49489969999999994,0.5423628
"D=1, white",eval_multi_D10_white,1.0,white,BuishandRange,50,1.0,1.0,1.0,0.025121179999999996,0.0237944115,0.026628808999999996,0.0489625,0.04643263749999999,0.051848956499999994,1.72,1.2,2.34,0.497264,0.47460864999999997,0.51978625,0.519014,0.49485769999999996,0.5427604500000001
"D=1, white",eval_multi_D10_white,1.0,white,BuishandU,50,1.0,1.0,1.0,0.025121179999999996,0.023793676499999996,0.026608356999999996,0.0489625,0.0464537415,0.051790376,1.72,1.2,2.34,0.497264,0.47460735,0.5201433999999999,0.519014,0.49520595000000006,0.5431154
"D=1, white",eval_multi_D10_white,1.0,white,Nyblom,50,1.0,1.0,1.0,0.025121179999999996,0.023777741499999998,0.0266693215,0.0489625,0.04647027199999999,0.051816759,2.26,1.7,2.94,0.523058,0.5009653000000001,0.5445806000000001,0.5420320000000001,0.5167757000000001,0.5676306
"D=1, white",eval_multi_D10_white,1.0,white,SNHT,50,1.0,1.0,1.0,0.025121179999999996,0.0237984755,0.0266305345,0.0489625,0.04644293750000001,0.051832697000000004,1.12,0.74,1.54,,,,,,
"D=1, white",eval_multi_D10_white,1.0,white,Chow,50,0.96,0.9,1.0,0.024211620000000003,0.0222288915,0.026148683499999995,0.04718384,0.0432070615,0.050814786499999993,1.1666666666666667,0.7291666666666666,1.7291666666666667,0.53834,0.5200019,0.5567926499999999,0.542892,0.5226795000000001,0.5625224999999999
"D=1, white",eval_multi_D10_white,1.0,white,Pettitt,50,0.96,0.9,1.0,0.02397458,0.021992614499999997,0.025938691500000003,0.046733380000000005,0.042755439500000006,0.050446555,2.4375,1.3541666666666667,3.7505208333333258,,,,,,
"D=1, pink",eval_multi_D10_pink,1.0,pink,Transformer_v2,50,0.9161381799999999,0.906670528,0.9247438829999999,0.41051287999999997,0.39954345250000006,0.421514094,0.56599312,0.5548049565000001,0.5773602845,3.328144,3.21690255,3.4396095500000006,0.895662,0.8882897,0.9028420500000002,0.9719979999999999,0.96933585,0.9744701
"D=1, pink",eval_multi_D10_pink,1.0,pink,GRU_v2,50,0.98712542,0.983213164,0.9907738514999999,0.3835259599999999,0.3736585799999999,0.393565353,0.55146574,0.5412017375,0.5614237034999999,2.613812,2.48327165,2.7453920499999995,0.9216000000000001,0.91537,0.927514,0.9804979999999999,0.9783759500000001,0.982604
"D=1, pink",eval_multi_D10_pink,1.0,pink,LSTM_v2,50,0.98072722,0.9751419465000001,0.985813864,0.3544682600000001,0.34445980950000005,0.364701371,0.5196086200000001,0.5084707940000001,0.5304101935,2.097178,1.9585959500000003,2.2358580999999997,0.8695660000000001,0.8613618000000001,0.8773462500000002,0.9661480000000001,0.9623418499999999,0.9698700499999999
"D=1, pink",eval_multi_D10_pink,1.0,pink,CUSUM,50,0.79446048,0.7767799244999999,0.8119295240000001,0.2697833600000001,0.261263144,0.2781747245,0.40237697999999994,0.3910642695,0.41343850050000003,7.49583,7.268840399999999,7.709390149999999,0.473626,0.44292285,0.5046425,0.7833439999999999,0.7614272,0.8051365500000001
"D=1, pink",eval_multi_D10_pink,1.0,pink,CatBoost,50,0.8501109,0.834010332,0.8659170694999999,0.12357337999999998,0.11945727899999999,0.1274594125,0.21560748,0.208937223,0.22197960000000003,1.6131220000000002,1.47471555,1.7558489,0.6657559999999999,0.6555618500000001,0.6759346,0.9153920000000001,0.9077079,0.9226041
"D=1, pink",eval_multi_D10_pink,1.0,pink,LSTM,50,0.97305136,0.9631790954999999,0.9819294759999999,0.11366817999999998,0.110452124,0.11683914699999998,0.20339304,0.19809801599999996,0.2086257125,1.3777739999999996,1.2849519500000002,1.4835209000000003,0.6394820000000001,0.62986995,0.6491822500000001,0.905856,0.8981478,0.9129422500000001
"D=1, pink",eval_multi_D10_pink,1.0,pink,GRU,50,0.9631704800000002,0.9520724594999999,0.9738077455,0.10639278,0.103063094,0.109905637,0.19144241999999997,0.18586522300000005,0.19737958800000002,0.8131819999999998,0.7442017999999999,0.8966375500000001,0.635186,0.6215077999999999,0.64865475,0.8968200000000002,0.88771965,0.9055540999999999
"D=1, pink",eval_multi_D10_pink,1.0,pink,SWAB,50,0.85842544,0.8322029915000001,0.8843494390000001,0.06389556,0.06136081749999999,0.06649638050000001,0.11886266000000002,0.1142940665,0.12346112700000002,7.7289639999999995,7.179645949999998,8.2818216,,,,,,
"D=1, pink",eval_multi_D10_pink,1.0,pink,MDL,50,0.9516271,0.9346869625,0.96802102,0.054497359999999995,0.05275077450000001,0.056266343499999996,0.10304255999999999,0.09981695800000001,0.106337676,1.730402,1.45398325,2.0217549499999996,,,,,,
"D=1, pink",eval_multi_D10_pink,1.0,pink,GP,50,0.7757619199999999,0.6709524,0.8721440894999999,0.02080586,0.0169814335,0.024436623499999997,0.040332240000000005,0.0329682345,0.04755615699999999,3.3715414634146343,2.5507956097560975,4.250293780487804,,,,,,
"D=1, pink",eval_multi_D10_pink,1.0,pink,BuishandLR,50,1.0,1.0,1.0,0.00525452,0.005150300000000001,0.005359601500000001,0.010453820000000003,0.0102469165,0.0106545005,0.78,0.4,1.36,0.50127,0.4799299,0.5234544999999999,0.827234,0.8113857,0.84268415
"D=1, pink",eval_multi_D10_pink,1.0,pink,BuishandQ,50,1.0,1.0,1.0,0.00525452,0.0051488194999999995,0.0053593425,0.010453820000000003,0.0102445395,0.0106625935,0.78,0.4,1.38,0.50127,0.47983505000000004,0.5235462999999999,0.827234,0.81104385,0.8429460999999999
"D=1, pink",eval_multi_D10_pink,1.0,pink,BuishandRange,50,1.0,1.0,1.0,0.00525452,0.005149657500000001,0.005359123,0.010453820000000003,0.010243312000000001,0.010663027499999998,0.78,0.4,1.36,0.50127,0.48026775000000005,0.5237701499999999,0.827234,0.8112974999999999,0.84250415
"D=1, pink",eval_multi_D10_pink,1.0,pink,BuishandU,50,1.0,1.0,1.0,0.00525452,0.005150239500000001,0.0053588425000000005,0.010453820000000003,0.010247656,0.010656902000000001,0.78,0.4,1.38,0.50127,0.4803066999999999,0.5239123499999999,0.827234,0.8116999,0.8426660499999999
"D=1, pink",eval_multi_D10_pink,1.0,pink,Nyblom,50,1.0,1.0,1.0,0.00525452,0.0051478975,0.0053607875,0.010453820000000003,0.0102510185,0.010656740500000003,0.92,0.48,1.58,0.533812,0.510574,0.5571442499999999,0.8372380000000001,0.8211476500000002,0.8526964
"D=1, pink",eval_multi_D10_pink,1.0,pink,Pettitt,50,1.0,1.0,1.0,0.00525452,0.005147238500000001,0.0053612205,0.010453820000000003,0.010247599000000001,0.010658466500000002,0.86,0.46,1.32,,,,,,
"D=1, pink",eval_multi_D10_pink,1.0,pink,SNHT,50,1.0,1.0,1.0,0.00525452,0.0051510984999999995,0.0053594235,0.010453820000000003,0.010245015,0.010658281000000002,0.64,0.44,0.88,,,,,,
"D=1, pink",eval_multi_D10_pink,1.0,pink,Chow,50,0.92,0.84,0.98,0.004848659999999999,0.004397608,0.0052130255,0.00964622,0.008761195,0.010380071,1.0434782608695652,0.4782608695652174,1.8695652173913044,0.565676,0.54237435,0.58951405,0.8380179999999998,0.8182897499999999,0.8563902999999997
"D=1.5, white",eval_multi_D15_white,1.5,white,Transformer_v2,50,0.9643341599999999,0.957451046,0.970980461,0.48351458,0.47076419449999996,0.4963463685000001,0.64287098,0.6313627865000001,0.6545567760000002,3.214296,3.0765533499999997,3.3468232499999995,0.8103920000000001,0.7996035000000001,0.82109405,0.960396,0.9565479499999999,0.96431405
"D=1.5, white",eval_multi_D15_white,1.5,white,LSTM_v2,50,0.95552314,0.9472684045,0.9636739105000001,0.43815892000000006,0.42426446149999997,0.451962325,0.5989380999999999,0.5856246785,0.611735549,3.5864119999999997,3.4600476500000004,3.7151134500000005,0.807406,0.79368785,0.8206060500000001,0.9603619999999999,0.9566799,0.96407005
"D=1.5, white",eval_multi_D15_white,1.5,white,CUSUM,50,0.84502082,0.8320759744999999,0.8580335495,0.46064148000000005,0.44981556149999996,0.47124948400000005,0.59459454,0.5855206595000001,0.6031300925,7.976247999999999,7.747850400000001,8.206969299999999,0.45801400000000003,0.43294399999999994,0.4828784,0.8364539999999999,0.81879765,0.8534640499999999
"D=1.5, white",eval_multi_D15_white,1.5,white,GRU_v2,50,0.9685456599999999,0.9593414290000001,0.9771458255,0.27792248,0.26365608199999996,0.292618575,0.42915196,0.411505863,0.4460889395,3.284694,3.1194675,3.4508533999999997,0.8059480000000001,0.79294565,0.8185904999999999,0.9591259999999999,0.95497995,0.9630661499999998
"D=1.5, white",eval_multi_D15_white,1.5,white,CatBoost,50,0.9908096599999999,0.9844913125000001,0.99593332,0.20610694000000002,0.20102461500000002,0.211205168,0.34082882000000003,0.33398198600000006,0.34762889900000005,2.096368,1.9108438,2.287803,0.8280379999999999,0.81904795,0.8371424999999999,0.9680880000000001,0.9648679499999998,0.9713221
"D=1.5, white",eval_multi_D15_white,1.5,white,LSTM,50,0.9934195600000001,0.9880085545,0.99789472,0.15307440000000003,0.14789982599999998,0.158161174,0.26481796,0.256889315,0.2725636695,1.737166,1.5918887499999999,1.8906054999999993,0.757644,0.7432415500000001,0.771341,0.9480440000000001,0.9426878500000001,0.9534160500000002
"D=1.5, white",eval_multi_D15_white,1.5,white,GRU,50,0.98354432,0.975311524,0.9911731600000001,0.13965481999999999,0.1338582545,0.145597006,0.24401952000000002,0.2348624195,0.253167701,1.460404,1.2992271000000002,1.6440259999999998,0.724726,0.7109379000000001,0.7380100999999999,0.938574,0.933258,0.94391
"D=1.5, white",eval_multi_D15_white,1.5,white,SWAB,50,0.8918928199999999,0.8711303065000001,0.9107767194999998,0.10903236,0.10480331450000001,0.11315063750000001,0.194052,0.18683348549999998,0.20096827950000004,7.621604000000001,7.0585607,8.183108849999998,,,,,,
"D=1.5, white",eval_multi_D15_white,1.5,white,MDL,50,0.94937262,0.9315590240000001,0.9664045554999999,0.08879514000000001,0.085033279,0.09235258899999998,0.16214272000000002,0.15583442599999997,0.16829683849999996,3.0757019999999993,2.6625507499999994,3.5045983499999998,,,,,,
"D=1.5, white",eval_multi_D15_white,1.5,white,GP,50,0.92857146,0.8990476600000001,0.9566667,0.05463436,0.0520065015,0.057269737999999994,0.10309954000000002,0.0982758525,0.10796419199999999,4.516788,3.7724012,5.297812400000001,,,,,,
"D=1.5, white",eval_multi_D15_white,1.5,white,BuishandLR,50,1.0,1.0,1.0,0.0087673,0.0085428135,0.008990920999999999,0.017380720000000002,0.016927783500000005,0.017813988,2.2,1.34,3.18,0.501578,0.47678100000000007,0.5262904500000001,0.858516,0.84524775,0.8712161
"D=1.5, white",eval_multi_D15_white,1.5,white,BuishandQ,50,1.0,1.0,1.0,0.0087673,0.008539991499999998,0.0089912415,0.017380720000000002,0.016932645,0.017817704000000004,2.2,1.34,3.18,0.501578,0.4767351999999999,0.52652025,0.858516,0.8449715,0.8711720500000001
"D=1.5, white",eval_multi_D15_white,1.5,white,BuishandRange,50,1.0,1.0,1.0,0.0087673,0.008542137000000002,0.008997421,0.017380720000000002,0.016943291000000003,0.017823021499999998,2.2,1.34,3.18,0.501578,0.4761897,0.5274163500000001,0.858516,0.8449937,0.8716362000000001
"D=1.5, white",eval_multi_D15_white,1.5,white,BuishandU,50,1.0,1.0,1.0,0.0087673,0.008541679000000002,0.0089897355,0.017380720000000002,0.0169327635,0.017817966999999997,2.2,1.34,3.16,0.501578,0.47699185,0.52727625,0.858516,0.84521795,0.8710741000000001
"D=1.5, white",eval_multi_D15_white,1.5,white,Nyblom,50,1.0,1.0,1.0,0.0087673,0.008540773,0.0089885605,0.017380720000000002,0.0169483595,0.0178118315,2.72,1.88,3.7,0.5029539999999999,0.476191,0.5290590000000001,0.860902,0.8479357499999998,0.87323
"D=1.5, white",eval_multi_D15_white,1.5,white,Pettitt,50,1.0,1.0,1.0,0.0087673,0.008542476,0.008989501,0.017380720000000002,0.016929481,0.0178186825,2.1,1.14,3.34,,,,,,
"D=1.5, white",eval_multi_D15_white,1.5,white,SNHT,50,1.0,1.0,1.0,0.0087673,0.008540558500000002,0.008993627,0.017380720000000002,0.0169373185,0.017819187000000004,1.0,0.64,1.4,,,,,,
"D=1.5, white",eval_multi_D15_white,1.5,white,Chow,50,0.98,0.94,1.0,0.00858712,0.008128211499999998,0.008937624,0.01702358,0.016100616499999998,0.017717781,1.1224489795918366,0.5714285714285714,1.8979591836734695,0.4976239999999999,0.47332569999999996,0.52221835,0.8592360000000001,0.8456098000000001,0.8724165500000001
