D,alpha,dt,noise_type,mean_cp,std_cp,h1_n,h1_ov_mean,h1_p_halfnorm,h2_n,h2_mean,h2_median,h2_cv,h2_skewness,h2_gamma_shape,h2_p_gamma,h2_p_beta,h3_disp_index,h3_disp_p,h4_n,h4_mean,h4_gamma_shape,h4_p_expon,h4_p_beta,h4_p_gamma
0.1,0.3162,0.2,white,1.1333333333333333,0.49888765156985887,34,0.18445942872202498,0.8179455607211834,4,3387.75,2347.5,1.085223744259651,,,,,0.22718052738336714,9.010808565759638e-06,34,419.44117647058823,0.2680135238802429,,,
0.1,0.3162,0.4,white,1.0,0.0,30,0.12990660973553228,0.9331333993606186,0,,,,,,,,0.0,0.0,30,13.8,7.293214581587745,,0.30170714762597706,0.46153441403119144
0.1,0.3162,0.6,white,1.0,0.0,30,0.1708511817117682,0.7613816186713216,0,,,,,,,,0.0,0.0,30,9.966666666666667,8.270196155481932,,0.9086189486055125,0.237324692246932
0.1,0.3162,0.8,white,1.0,0.0,30,0.21806543320575886,0.8004675835352041,0,,,,,,,,0.0,0.0,30,7.8,8.397061778450798,,0.26392603060884584,0.2676266519494298
0.1,0.3162,1.0,white,1.0,0.0,30,0.24605543733082935,0.23453164742178048,0,,,,,,,,0.0,0.0,30,6.6,7.284765224023429,,0.15787278931103607,0.062343532068619076
0.1,0.3162,1.2,white,1.0,0.0,30,0.27710526050715234,0.9991899791183884,0,,,,,,,,0.0,0.0,30,5.533333333333333,8.541374078172103,,,0.03787832557752759
0.1,0.3162,1.4,white,1.0,0.0,30,0.2766478805417955,0.8886523336314739,0,,,,,,,,0.0,0.0,30,4.8,9.989845324421772,,2.991558950457142e-05,2.4864230222590694e-05
0.1,0.3162,1.6,white,1.0,0.0,30,0.30477174251574507,0.9053474892372098,0,,,,,,,,0.0,0.0,30,4.633333333333334,7.264313070952766,,0.00031353062075403657,0.0036684254155862433
0.1,0.3162,1.8,white,1.0,0.0,30,0.35927878847121797,0.5481271385320406,0,,,,,,,,0.0,0.0,30,4.166666666666667,7.691052955316828,,0.00012958927689030915,0.00047240902348380726
0.1,0.3162,2.0,white,1.0,0.0,30,0.42367595037732564,0.8141674808572489,0,,,,,,,,0.0,0.0,30,3.7666666666666666,7.646432831731263,,,0.0003219326005898237
0.1,0.3162,2.2,white,1.0,0.0,30,0.5404375320292437,0.13613367556231903,0,,,,,,,,0.0,0.0,30,3.3333333333333335,9.59895392269072,,,1.7939653930458013e-05
0.1,0.3162,2.4,white,1.0,0.0,30,0.7612267745052217,0.2989400383207443,0,,,,,,,,0.0,0.0,30,3.2,10.884524143300247,,,4.509537556076272e-05
0.1,0.3162,2.6,white,1.0,0.0,30,0.8226911570597288,0.07559540027432395,0,,,,,,,,0.0,0.0,30,2.933333333333333,12.05648833066434,,0.00010939145269196862,1.0684704360088265e-07
0.1,0.3162,2.8,white,1.0,0.0,30,1.001845958481505,,0,,,,,,,,0.0,0.0,30,2.966666666666667,11.055933595090854,,2.4431441857625197e-10,8.60886027722349e-09
0.1,0.3162,3.0,white,1.0,0.0,30,1.0506510368744928,,0,,,,,,,,0.0,0.0,30,2.8333333333333335,14.881142603652446,,2.0294677350627285e-06,
0.2,0.4472,0.2,white,30.3,7.123435500749153,909,0.24627750866215264,0.003574867182864914,879,319.0341296928328,39.0,1.5877231588308314,2.2528004817543423,0.46369578370113945,2.133480994167458e-10,3.71540514618539e-46,1.7324456583589394,0.017013200334836,909,308.1793179317932,0.4487638796718926,5.3270276996670125e-49,2.4109031685018113e-71,3.704402895326417e-10
0.2,0.4472,0.4,white,1.3333333333333333,0.7453559924999298,40,0.2447530520849607,0.12227899192792051,10,2569.0,628.5,1.3164765424722735,,,,,0.43103448275862066,0.006550291758326188,40,652.125,0.21937314179239714,0.0030717452151179897,,
0.2,0.4472,0.6,white,1.0,0.0,30,0.2778698193127854,0.3526529814805493,0,,,,,,,,0.0,0.0,30,8.933333333333334,6.846113365143375,,0.13456785763773801,0.09342492167767857
0.2,0.4472,0.8,white,1.0,0.0,30,0.33516824159230263,0.4388647704267581,0,,,,,,,,0.0,0.0,30,7.133333333333334,7.234309006527268,,0.10952908717811241,0.16520327127865475
0.2,0.4472,1.0,white,1.0,0.0,30,0.3017517808042363,0.9129852545429813,0,,,,,,,,0.0,0.0,30,6.266666666666667,5.446240420371059,,0.7627076121784871,0.7000173571232338
0.2,0.4472,1.2,white,1.0,0.0,30,0.335922386024999,0.3445425710722707,0,,,,,,,,0.0,0.0,30,5.333333333333333,7.7115783202967165,,0.2260188998900439,0.0071237741618963265
0.2,0.4472,1.4,white,1.0,0.0,30,0.39889025136470607,0.23844118647061557,0,,,,,,,,0.0,0.0,30,4.866666666666666,7.135822609862541,,0.0059720675567673485,0.004705531661393739
0.2,0.4472,1.6,white,1.0,0.0,30,0.3806327990491352,0.2996039900358447,0,,,,,,,,0.0,0.0,30,4.466666666666667,5.635100004637695,,0.0013818290621058268,0.0030667102092154664
0.2,0.4472,1.8,white,1.0,0.0,30,0.4163062034401928,0.9191768195538675,0,,,,,,,,0.0,0.0,30,3.7,6.751399449390722,,0.002232392774053729,0.0004768003277610138
0.2,0.4472,2.0,white,1.0,0.0,30,0.5864074107728836,0.2575300124940364,0,,,,,,,,0.0,0.0,30,3.2333333333333334,8.615851962962578,,,6.049376332786745e-05
0.2,0.4472,2.2,white,1.0,0.0,30,0.7221629608395193,0.3798404186576355,0,,,,,,,,0.0,0.0,30,3.1333333333333333,8.947716482979526,,,0.0002650572693843715
0.2,0.4472,2.4,white,1.0,0.0,30,0.7499331195810186,0.8164373249959321,0,,,,,,,,0.0,0.0,30,3.0,9.497708292756569,,,3.4732460654402223e-06
0.2,0.4472,2.6,white,1.3333333333333333,0.7453559924999298,40,0.6631964945160485,0.8067788381937225,10,1953.7,86.0,1.4127232208789715,,,,,0.43103448275862066,0.006550291758326188,40,490.275,0.17092931578999276,,,
0.2,0.4472,2.8,white,2.1333333333333333,1.4313940369055924,64,0.6070145486440601,0.4697470535046294,34,1459.6176470588234,85.0,1.3982688509305004,1.337319830599033,0.24344896033692082,,,0.9935344827586207,0.949725235623373,64,776.171875,0.18570902894665084,7.501936619331076e-07,0.08645587011624388,0.02833127234641579
0.2,0.4472,3.0,white,4.333333333333333,2.494438257849294,130,0.6136082487372122,3.018985922821297e-05,100,1559.34,61.0,1.4467370984664407,1.6137846458545684,0.23825111268221552,0.0025462291597740257,0.0031548960688376837,1.4854111405835542,0.089577917720578,130,1199.3153846153846,0.19787733964765938,4.265200726752135e-10,0.0069649706679704056,0.02670661650559186
0.3,0.5477,0.2,white,106.43333333333334,10.827998686532776,3193,0.32067596688771655,3.1416844997273173e-12,3163,93.53683212140373,29.0,1.4147091968903494,2.396737926489553,0.7095191849002498,3.2097859108597854e-107,4.808054940475057e-72,1.1395725563463177,0.5516461687438883,3193,91.82868775446289,0.6802801367795029,4.0608088401269227e-202,2.105822181542382e-75,3.973729893316671e-93
0.3,0.5477,0.4,white,16.466666666666665,4.897164712588521,494,0.3247023370809134,0.07037193256057264,464,574.5043103448276,27.5,1.6435914353172998,2.3375894027302775,0.34602654535136623,0.018358846970240962,3.218746566278586e-25,1.5066312997347475,0.07848227605473901,494,539.3947368421053,0.32826254857700515,1.784554903589486e-32,3.8020752020292894e-29,0.0148098221456963
0.3,0.5477,0.6,white,2.6,1.4966629547095767,78,0.3239839269308881,0.40592934456932184,48,1663.0625,21.5,1.4979083862961529,1.5808024185241114,0.2690501759132071,0.42367989731412203,0.08044442996968891,0.8912466843501327,0.7325988080952034,78,1026.076923076923,0.2237926765481155,1.690993642092478e-08,,0.008659239182983282
0.3,0.5477,0.8,white,1.1333333333333333,0.49888765156985887,34,0.3981354946897886,0.42912293715188043,4,3175.5,2162.0,1.0958946075024123,,,,,0.2271805273833672,9.010808565759669e-06,34,379.6764705882353,0.1988817520638089,,,
0.3,0.5477,1.0,white,1.0,0.0,30,0.37535496863519874,0.6997632144665475,0,,,,,,,,0.0,0.0,30,6.1,5.751322317126106,,0.027915151243738362,0.029172784039865878
0.3,0.5477,1.2,white,1.0,0.0,30,0.3903559634794665,0.7271983700683542,0,,,,,,,,0.0,0.0,30,5.133333333333334,6.560024256405674,,,0.001110537616683271
0.3,0.5477,1.4,white,1.0,0.0,30,0.4073545813244736,0.3652890142944747,0,,,,,,,,0.0,0.0,30,4.633333333333334,5.314482842895398,,0.005469936345628548,0.10982121927306364
0.3,0.5477,1.6,white,1.0,0.0,30,0.4494959868470411,0.27772621291569144,0,,,,,,,,0.0,0.0,30,4.2,5.616049604444177,,0.0005257058491000122,0.0048482477922564835
0.3,0.5477,1.8,white,1.0666666666666667,0.3590109871423002,32,0.4615509977221406,0.25247702244454545,2,1549.5,1549.5,0.9974185221039045,,,,,0.12499999999999994,6.13235560809966e-09,32,100.03125,0.22352030066005651,,,
0.3,0.5477,2.0,white,1.1333333333333333,0.49888765156985887,34,0.663677288218034,0.27042970553963924,4,1631.0,1548.5,1.001041969238607,,,,,0.2271805273833672,9.010808565759669e-06,34,194.64705882352942,0.19478430040051972,,,
0.3,0.5477,2.2,white,1.2,0.6,36,0.5910644279742804,0.5791496011670146,6,3274.1666666666665,1714.0,1.1365653564787346,,,,,0.3103448275862069,0.0002744234611129706,36,548.1111111111111,0.16453617292080486,,,
0.3,0.5477,2.4,white,2.466666666666667,1.6275407487644937,74,0.5874599436043871,0.895864743229513,44,1920.4318181818182,183.0,1.4199155975626045,1.28996820830971,0.2311650770420386,,0.061893883573105095,1.1109040074557315,0.6209265405547884,74,1142.4324324324325,0.18005730404612594,7.928630813872081e-10,0.03824188757828158,0.01252378732519319
0.3,0.5477,2.6,white,5.0,2.065591117977289,150,0.5471212060488426,0.01318255228196362,120,1522.6916666666666,61.5,1.5062492886065337,1.672501041293701,0.23749410035606616,0.031143476085535075,0.05621161327552687,0.8827586206896552,0.7064485095359235,149,1226.0604026845638,0.2018655975693014,2.3819963476981935e-11,0.025965860325037202,0.13837879837446518
0.3,0.5477,2.8,white,11.066666666666666,4.396463225012679,332,0.5322187835031151,3.223933344871871e-17,302,785.0629139072847,6.5,1.5044586987281645,1.6599104938387286,0.26016142456829494,0.0026212338147958048,4.775399181307847e-07,1.8068134607395094,0.00984121781667091,331,715.607250755287,0.23201664439729316,1.832884899120156e-27,8.71831706512129e-13,0.011559352329208619
0.3,0.5477,3.0,white,27.7,5.995275918031908,831,0.5822850415670875,1.8579948349059097e-43,801,350.58302122347067,7.0,1.6702549992251725,2.3534851292226215,0.29187650173318475,0.007350862916824091,1.1777501370015352e-141,1.3423378563425867,0.20610917542286344,823,340.32928311057105,0.26533989618949755,1.969537208562695e-49,0.0,0.005037664691973327
0.4,0.6325,0.2,white,196.53333333333333,13.225564470205253,5896,0.36331413194853057,1.218589430336086e-20,5866,50.599386293897034,22.0,1.3379397765819823,2.9107901295453797,0.9017664566824942,1.3620728732556537e-122,2.6385757008786408e-102,0.9206943339727692,0.8242403825222293,5894,49.44825246012894,0.8469920358537136,1.395087780467858e-186,6.335550790622163e-60,6.685616504436753e-119
0.4,0.6325,0.4,white,60.96666666666667,9.481502459467535,1829,0.3806475411698535,0.00010984421815318647,1799,159.4396887159533,22.0,1.614085414953536,2.544223726886744,0.4728186011450787,3.169719921297326e-35,3.882508413692718e-17,1.5254048754736904,0.06969525591210113,1829,156.02405686167305,0.45120351218747623,2.218662150639007e-147,2.3550858502930245e-15,4.768107873155225e-29
0.4,0.6325,0.6,white,14.0,3.492849839314596,420,0.3741467372114023,0.21073393226601475,390,646.0487179487179,19.0,1.656752766056255,2.218578696971939,0.3121292641002802,0.20537480006586809,7.833916582709859e-14,0.9014778325123153,0.7643079569984675,420,599.5428571428571,0.29233430312008374,1.162901678488784e-22,1.8807864307320576e-22,0.19641192643667352
0.4,0.6325,0.8,white,3.4,1.818424226264781,102,0.3772428008529283,0.9615761457834955,72,1521.1944444444443,20.0,1.4626802916953896,1.5240108121897498,0.26413940588548834,0.12487789235878594,0.04531474020014331,1.0060851926977692,0.9118073924448122,102,1075.0294117647059,0.22338968610982818,5.498050661687289e-10,0.03705374895381789,0.012778213883681491
0.4,0.6325,1.0,white,1.8,1.2220201853215573,54,0.36205151129107305,0.008427301909627814,24,1995.4583333333333,88.5,1.2605290073478441,1.0261315415865941,0.25403188893399686,,,0.8582375478927204,0.6319994312939334,54,889.6296296296297,0.19474298178127067,1.8837690538045364e-08,,
0.4,0.6325,1.2,white,1.4,0.8,42,0.4488367385826897,0.30052734113572593,12,2118.6666666666665,1561.0,1.078661174842529,0.49507001888792324,,,,0.4729064039408868,0.014539158168769063,42,608.7380952380952,0.1853881342229432,6.419458761422933e-07,,
0.4,0.6325,1.4,white,1.5333333333333334,0.8844332774281066,46,0.43639677815161587,0.6336830761071002,16,2124.375,1000.0,1.1758460707282452,0.8918183695949595,,,,0.527736131934033,0.035008747412793445,46,741.5652173913044,0.18237323794827176,2.6661692749196064e-06,,
0.4,0.6325,1.6,white,1.5333333333333334,0.8844332774281067,46,0.4279869354301374,0.678801032882532,16,1999.875,939.5,1.2327173750189773,1.0659584219133087,,,,0.5277361319340331,0.035008747412793334,46,697.8260869565217,0.1800145732829631,5.867188139119966e-06,,
0.4,0.6325,1.8,white,1.8,1.1075498483890769,54,0.5138518753436763,0.5463564768913157,24,1975.5,286.0,1.3320350568267136,1.0958987115156722,0.24014725344640392,,,0.7049808429118776,0.2428481751519177,53,896.0566037735849,0.1802726979144643,6.042174578994509e-07,,
0.4,0.6325,2.0,white,2.466666666666667,1.5434449203720302,74,0.5047927964539209,0.8121847267419801,44,1912.3863636363637,285.0,1.3899611766374627,1.343758854817458,0.23611867397473377,,0.3395600985959305,0.9990680335507922,0.9329491159143826,74,1137.7297297297298,0.18308745553090763,7.840659864139944e-08,0.15987575458623055,0.07100245127123071
0.4,0.6325,2.2,white,4.333333333333333,2.4944382578492945,130,0.471521564703527,0.22336956055084994,100,1462.81,16.5,1.5857908589226757,1.8314508293312366,0.23895112698495058,0.09290454008995565,0.10814111965666755,1.4854111405835548,0.0895779177205771,129,1133.8837209302326,0.20242238103733856,9.146002486487424e-10,0.20194574644801183,0.11370109148338398
0.4,0.6325,2.4,white,8.0,3.714835124201342,240,0.5463854324685632,0.0002529773668031635,210,980.6714285714286,6.0,1.6791901682704466,2.446624197484238,0.24820471248304848,0.05786434589505675,0.0035855384443332977,1.7844827586206897,0.01162363156905366,237,868.4303797468355,0.22116844140641373,5.773169695383406e-15,,0.19789002843140174
0.4,0.6325,2.6,white,16.9,5.821511831131154,507,0.5488477540562375,1.2019449393509453e-12,477,519.7798742138365,6.0,1.5805865507711971,1.9547974025094408,0.2756948865360993,0.001231494393833888,2.0945779355031605e-10,2.074474597021016,0.0011800024438279877,497,498.0523138832998,0.25182550660591446,2.976025397676542e-37,3.1437834955768436e-29,0.0012361855513335085
0.4,0.6325,2.8,white,39.96666666666667,10.540345767046206,1199,0.5782337899520106,3.4075459786177465e-39,1169,241.9093242087254,6.0,1.76558268713074,2.778050720665576,0.30986472546792465,1.2062629573980889e-05,4.479643715260872e-242,2.8756434960167954,7.302744764459135e-07,1176,239.53656462585033,0.28442135121515816,2.796950321287015e-72,3.74706625830987e-222,0.00015635846545162898
0.4,0.6325,3.0,white,81.03333333333333,14.202073401052708,2431,0.5774087739542239,2.0076226701224173e-102,2401,121.38400666389005,5.0,1.701912887567101,2.605731694170961,0.3572503338618257,1.0028790687220905e-18,0.0,2.574915956254698,1.3557118892393305e-05,2380,121.47436974789916,0.3238339565383754,2.8794359002517625e-160,0.0,4.282821603607297e-15
0.5,0.7071,0.2,white,288.8333333333333,15.72701144174852,8665,0.4107940547112674,1.3942174502826005e-27,8635,34.495888824551244,19.0,1.209410905025775,2.770036994789438,1.0911876432982042,5.311395142519725e-130,7.804089020146117e-105,0.885866645442426,0.7160051081452723,8662,33.43777418610021,1.000593167690346,6.518677302201187e-119,6.077234724850872e-62,3.83325927210236e-119
0.5,0.7071,0.4,white,125.13333333333334,12.384757656983934,3754,0.41116077475022045,1.848154114031825e-11,3724,79.29726100966703,18.0,1.531016564147974,2.470672305263459,0.5847863878256502,2.6554972874691096e-93,0.0,1.2680175628754613,0.30426580249398194,3750,77.8408,0.5499597266936458,3.351430983277232e-279,0.0,8.070346517575695e-89
0.5,0.7071,0.6,white,44.8,7.8204859184068605,1344,0.4078678963674758,0.0012773909937860784,1314,216.85540334855403,17.0,1.685630620440898,2.6330296769965,0.39347884897227114,3.7118458287295045e-10,1.33361124782026e-154,1.4122536945812807,0.13897305054580822,1344,211.2016369047619,0.37184312583380247,5.543041537915371e-69,1.636103891907362e-240,4.4367368774926e-08
0.5,0.7071,0.8,white,14.866666666666667,3.8620662287893968,446,0.4127044800419112,0.4886533769718028,416,595.6730769230769,15.0,1.6111827940645265,2.1170345862598547,0.3033734753917516,0.02473841720771354,5.753246458362979e-17,1.0378846451213855,0.8181811258206426,446,555.1165919282511,0.2823183395861071,5.236391843644421e-31,3.081826777423735e-25,0.016035756358076178
0.5,0.7071,1.0,white,6.4,3.1474857690967664,192,0.3925448406010131,0.051413838924768016,162,1108.7345679012346,15.0,1.508585443897216,1.6379728890729683,0.2655042499880044,0.006453830762789679,0.0007913440310764109,1.6012931034482751,0.04243716643782691,192,935.5625,0.2371893801758264,3.001537378766821e-17,0.0008318649620354698,0.016599412417075538
0.5,0.7071,1.2,white,3.6,2.2,108,0.48699139971952016,0.4522487813017403,78,1735.3076923076924,80.5,1.4171601780611047,1.3955509044598187,0.24964285286546778,0.1273280230929862,0.002810615062200081,1.3908045977011496,0.1572653744381356,107,1265.7102803738317,0.21125509315738736,8.05984885019829e-12,0.007793406778821032,0.015053340275262677
0.5,0.7071,1.4,white,3.2,1.8147543451754933,96,0.4346780215626205,0.35228928687504857,66,1764.8181818181818,87.5,1.4095927435028452,1.332259137322814,0.24728361813099348,0.11880877751174271,0.19309894936554964,1.064655172413793,0.7426815743535959,96,1214.03125,0.20297353688567787,4.7645421552971814e-11,,0.021900728725153917
0.5,0.7071,1.6,white,3.6666666666666665,1.9550504398153572,110,0.4265567493436821,0.6322402859808136,80,1673.7375,88.0,1.4460379981279818,1.4580192539705301,0.24521829533570091,0.4820652719940365,0.11658567650787839,1.0783699059561127,0.7053636589162819,109,1228.8165137614678,0.2045917708039621,2.345679054398438e-10,0.10244355856638755,0.06623420875004372
0.5,0.7071,1.8,white,4.666666666666667,2.7848798098940564,140,0.4947247142670248,0.9333317418971805,110,1539.2454545454545,52.0,1.5693028638991429,1.7778381008029176,0.23756796915174064,0.1349727416345421,0.060693295036664395,1.7192118226600988,0.018714068125398997,138,1226.876811594203,0.20418872650341682,8.105150652076506e-10,0.002500632838468194,0.13121544501639482
0.5,0.7071,2.0,white,6.8,3.8418745424597094,204,0.5333787562900602,0.07873815550166809,174,1137.4080459770114,13.0,1.607215062880605,2.14304780795249,0.2458452536678147,0.05322093966500273,0.23548917799450778,2.2454361054766734,0.00027373783280548736,201,984.2139303482587,0.21720373307240828,1.0840400817380302e-13,2.8346814386493896e-05,0.04470252523697143
0.5,0.7071,2.2,white,12.933333333333334,4.774469138611701,388,0.49348550881066255,1.5639262115937684e-07,358,692.0698324022346,7.0,1.726085039345224,2.559056356785769,0.26422877856816124,0.07069634921478674,4.3541686965317504e-60,1.8233202986135795,0.008692079236642725,378,654.7407407407408,0.24346222621131453,2.7237913023156603e-21,,0.09554109986458934
0.5,0.7071,2.4,white,24.0,6.60807586719967,720,0.5559649942465539,7.303656971783263e-13,690,411.0289855072464,6.0,1.699478081124379,2.57685862134175,0.28305931502663334,0.1528655951620734,7.995632297768506e-139,1.8821839080459768,0.005540644737429989,706,400.85127478753543,0.2604935488895421,1.2577095828551584e-35,1.8576460122494507e-114,0.07161436386195649
0.5,0.7071,2.6,white,45.46666666666667,8.950729330929159,1364,0.5429863909055459,1.7976294438135964e-26,1334,215.85157421289355,6.0,1.6938125517891214,2.4732485886059807,0.3183947306864684,7.926857675179553e-06,2.002627825605338e-250,1.8228334513095357,0.00872408671337399,1339,214.10306198655712,0.2913314613173318,3.466138420971851e-93,0.0,0.0001889073519133783
0.5,0.7071,2.8,white,86.53333333333333,15.324780223183916,2596,0.5748787924657732,1.7159657227366228e-64,2566,113.98168355416992,5.0,1.737603440204226,2.6799488644020695,0.35907009309256555,4.826068076867217e-18,0.0,2.807555390255566,1.4334299909268822e-06,2508,115.62240829346092,0.32917217126439713,4.2906434145024735e-151,0.0,9.865739485023866e-14
0.5,0.7071,3.0,white,149.36666666666667,15.538089400638105,4481,0.5907421657630385,9.164061120934548e-127,4451,66.14558526173893,5.0,1.6449861178296192,2.50653889088368,0.412601418899694,8.782510615519993e-52,0.0,1.6721098277016369,0.026127270777023925,4313,67.24484117783446,0.3727311416876953,8.148569382660292e-287,0.0,8.059768466392484e-37
0.6,0.7746,0.2,white,377.0,15.123932469213598,11310,0.4431777464692183,3.4468942094428014e-36,11280,26.45558510638298,16.0,1.1219725862366376,2.752318930597529,1.2271363228910328,5.742135704528099e-105,1.2387666525168089e-74,0.6276410866184945,0.11987878343992678,11298,25.45096477252611,1.1011768958925774,1.1767364707819789e-67,6.428424290579142e-41,3.244522179453923e-93
0.6,0.7746,0.4,white,206.2,16.73598916506979,6186,0.4436652533628416,5.494068626573961e-24,6156,48.223034437946716,15.0,1.4889601311250404,2.767045477667913,0.6952583708463801,7.735534145095956e-194,1.106222345997715e-116,1.4051974982440887,0.1447809069127144,6172,47.14598185353208,0.6423462450289943,0.0,1.4766527433517697e-117,4.262126464496225e-180
0.6,0.7746,0.6,white,93.3,14.521593117377538,2799,0.45046884248893265,1.4143537286611006e-12,2769,106.11881545684362,15.0,1.639793506174705,2.557053726368985,0.4706706593727611,1.5357615219472461e-43,0.0,2.338138004952508,0.00012031341622664726,2790,104.4068100358423,0.4419729552573114,5.367845380651102e-214,0.0,6.367493107471396e-39
0.6,0.7746,0.8,white,40.6,6.478682993736716,1218,0.4445329258039655,0.0003669631810000419,1188,240.2516835016835,13.0,1.6702852138712645,2.4645313976236087,0.3588624101378655,5.956265021998932e-09,1.1080675330995887e-06,1.069475114659419,0.7294559224862069,1213,234.4830997526793,0.33799831748821735,1.2205278658242616e-67,6.554637072163817e-155,3.3353625716866796e-09
0.6,0.7746,1.0,white,20.466666666666665,5.9089386149760905,614,0.473869304842079,0.12807816249656787,584,461.55479452054794,13.0,1.8315471116383015,3.2854695738091007,0.30330962741517,0.0026262763731312857,6.054642974673032e-60,1.764798382567674,0.013440915668260223,611,440.4860883797054,0.2844106555684727,1.2584134290872055e-41,4.717665204805731e-30,0.0007462635809242608
0.6,0.7746,1.2,white,11.266666666666667,4.523518787649967,338,0.47818677163840123,0.004467833715697147,308,749.0487012987013,11.5,1.7682365516348773,2.612240261613247,0.2738352693951025,0.4894397611350719,2.400288683552893e-08,1.8788002448479901,0.0056877048798189556,336,686.1547619047619,0.25207881895277356,6.080100495494843e-18,,0.2654286330364198
0.6,0.7746,1.4,white,9.0,3.966526608171604,270,0.4902828669825284,0.009871458008384204,240,1009.2,10.5,1.6259310437255432,2.2670991447388382,0.2578413768493228,0.00016102499351122634,0.0011720827524040014,1.8084291187739463,0.0097227442857164,265,913.5547169811321,0.2358625436239033,7.74615059413515e-19,1.9269375980963972e-07,0.0003165577806403587
0.6,0.7746,1.6,white,10.266666666666667,4.603863112165213,308,0.5148394067892181,0.006078042507038586,278,902.4028776978417,10.0,1.6618198216096796,2.1716542207079197,0.2582339212143527,0.24183848113989498,5.625378173830345e-11,2.1356918943125844,0.0007053805957459858,304,824.6677631578947,0.23501728992572038,2.4328352152440456e-16,5.093948785883617e-06,0.26876280190358515
0.6,0.7746,1.8,white,13.733333333333333,5.202136313306507,412,0.5198666819292495,0.0016515072834176318,382,675.3795811518324,8.5,1.718008093948335,2.5464163560728115,0.26768663193833386,0.09714266773385204,3.3588622578708897e-31,2.038500167392032,0.0015890148703681106,406,634.7610837438424,0.24467905589406608,4.6663434705611786e-21,5.0828457231459975e-20,0.07688611056478109
0.6,0.7746,2.0,white,19.666666666666668,5.711586664161039,590,0.5335791315956336,1.0582049650869136e-05,560,476.8589285714286,6.0,1.7175455738093415,2.6664999273440326,0.27785855414860644,0.030083930501006266,4.59442190741055e-31,1.715955581531268,0.01915607205707137,579,460.40759930915374,0.25634893800837066,4.259700976671715e-40,4.1757443406319728e-53,0.020527468419477942
0.6,0.7746,2.2,white,29.066666666666666,8.286267086102294,872,0.557768547469984,4.2022250259399023e-07,842,331.09263657957246,6.0,1.7586396760376652,2.992187571625963,0.2949970687933522,0.05061066496732461,2.388083233634152e-62,2.4436887061056622,4.6106819088675977e-05,843,329.8054567022539,0.27594464681226794,1.181913455634356e-53,2.2566802627843127e-131,0.08983845221395725
0.6,0.7746,2.4,white,51.2,9.328808426946427,1536,0.5592786534520099,1.2483220126261967e-27,1506,192.9422310756972,6.0,1.6864496668793363,2.448513415821437,0.3249851560126914,4.11092131554969e-08,8.264370059816872e-173,1.7583512931034484,0.014091564337067153,1485,194.70572390572391,0.30189689879488507,2.7291541472487872e-98,0.0,9.720379564830784e-06
0.6,0.7746,2.6,white,87.5,13.5,2625,0.5742505582211048,2.337796363687454e-50,2595,113.04932562620424,5.0,1.7195581925737389,2.6074850723079837,0.3612254115508434,1.0103529341391102e-14,0.0,2.1546798029556653,0.00060012194242276,2536,114.68296529968454,0.3315647801203091,5.6025470719201695e-146,0.0,1.0718010211842277e-09
0.6,0.7746,2.8,white,144.96666666666667,17.284836000250493,4349,0.590310740383887,3.023681438085141e-103,4319,68.08057420699235,5.0,1.654834236782343,2.49086617867261,0.41147750304284875,8.786151953976659e-51,0.0,2.131992293115341,0.0007278649387427727,4186,69.22766364070712,0.3723575253486694,7.711234643151316e-305,0.0,1.6436431049565517e-38
0.6,0.7746,3.0,white,236.23333333333332,18.828494953719012,7087,0.5895066567308589,1.6406524882521813e-152,7057,42.27745500921071,4.0,1.6517975364244093,2.728398786009692,0.46190070231139724,4.528814773738487e-130,1.397056042787479e-199,1.5524345207105776,0.058577435759691765,6724,43.3313503866746,0.41406790537135113,0.0,2.607872390800636e-257,1.2785875167245517e-86
0.7,0.8367,0.2,white,459.03333333333336,16.287998308229557,13771,0.47378373909826543,4.390904896448508e-56,13741,21.75394803871625,14.0,1.070793640573853,2.806967639837489,1.3208677513681468,1.2602844302856112e-114,1.1321827139175728e-73,0.5978806036673769,0.08668330594307071,13724,20.805741766248907,1.1699084792298318,1.1160807564512071e-69,2.402771901088436e-37,2.322153712446655e-112
0.7,0.8367,0.4,white,291.6666666666667,17.25752653836065,8750,0.474152054793194,2.797600800171485e-39,8720,34.15676605504587,13.0,1.4007567949007087,2.8749153643058087,0.8129106047398976,1.037427878681754e-268,1.0296326944269823e-156,1.0563152709359604,0.7658394585003818,8723,33.17516909320188,0.7377526539036108,0.0,2.259786945095671e-102,1.6378705313033503e-251
0.7,0.8367,0.6,white,155.96666666666667,13.496872065614152,4679,0.4826489980158239,5.423472061112852e-15,4649,63.62163906216391,13.0,1.6049902829692133,2.712304464684691,0.549708438727096,4.212985673448866e-101,0.0,1.2082525738626735,0.40650280864454347,4656,62.57409793814433,0.5089729533169416,0.0,0.00013628983151453604,1.3119928109274894e-90
0.7,0.8367,0.8,white,81.83333333333333,12.366846359880471,2455,0.4830870641717007,1.3958714932236638e-09,2425,120.29030927835052,12.0,1.6715258595229092,2.5476045800116416,0.4217240966241068,1.7795794375611575e-31,0.0,1.9333520612402555,0.003711726339449939,2437,118.7796471070989,0.39495584311523424,9.330089252780952e-197,0.0,2.3255367938988684e-27
0.7,0.8367,1.0,white,44.53333333333333,6.1031867814191045,1336,0.4951031100657016,2.3424631647715005e-08,1306,218.71516079632465,11.0,1.6691325015826277,2.4571982239477332,0.3507407653005087,9.816509656478184e-13,4.2852359532612934e-123,0.8652694610778443,0.6531554409179838,1327,214.38884702336097,0.3281131814954289,1.8683691462629083e-93,1.1962733067272114e-266,1.6514825688239151e-12
0.7,0.8367,1.2,white,28.8,6.457037504408143,864,0.4853537118016395,6.88971622704881e-05,834,332.10671462829737,10.5,1.7949785626236223,3.2427279008543852,0.31325836806388363,0.0006256203614332234,4.292995515118789e-88,1.4976053639846747,0.08304461978408106,853,323.89566236811254,0.2937575209058103,4.7907018817348414e-48,1.4526775596333189e-117,0.0009643240798463222
0.7,0.8367,1.4,white,23.2,5.275098735252893,696,0.4887234798121827,0.000688227824828491,666,400.0945945945946,9.0,1.6933521340572193,2.604413871272291,0.29906972175257607,2.6417350014369672e-05,2.6553152958891875e-92,1.2407847800237812,0.3481342286985989,691,384.83357452966715,0.276549178956705,6.504588461979035e-52,1.7345534949805057e-83,6.09746593140577e-05
0.7,0.8367,1.6,white,23.666666666666668,5.827139568909909,710,0.5174544164453428,4.0196317433375056e-05,680,391.9220588235294,8.0,1.666038611526795,2.48921322556215,0.29823894214125785,0.001424722273422687,1.4440407427784057e-144,1.4842156386595435,0.09024204129627567,700,379.9142857142857,0.27651469715359245,6.771405774625694e-49,9.236491717177755e-55,0.0010886712108152295
0.7,0.8367,1.8,white,28.733333333333334,7.131775530835378,862,0.5593032104583207,1.2789931552907926e-10,832,331.89903846153845,9.0,1.7049560567491855,2.6795591998318185,0.30216691759112896,3.78291080252938e-05,2.562425188137336e-45,1.831186494919594,0.008189978440168444,844,326.31516587677726,0.2814812317506256,4.5906517066716e-57,3.422235369046737e-89,8.074545906112914e-06
0.7,0.8367,2.0,white,39.5,8.061224059243939,1185,0.5478964550176918,2.1889603199370437e-15,1155,246.8917748917749,6.0,1.688265111868965,2.367562378196907,0.3098629602427023,1.101471353216443e-08,1.2796276023875838e-91,1.7018769096464426,0.021180598076659063,1139,249.43020193151887,0.2922520264465635,7.300081525003961e-80,1.3585272336688434e-112,3.3639984849753926e-07
0.7,0.8367,2.2,white,58.43333333333333,9.810481922696537,1753,0.5642034730495336,8.492993084769786e-20,1723,167.90423679628555,6.0,1.7185232367905965,2.7801218221023363,0.33449281444949464,1.85020368493714e-08,1.470757447319645e-181,1.7038967681019732,0.020878469190056093,1675,171.73850746268656,0.31479919320825805,9.733038108499192e-104,0.0,3.5068751125209204e-06
0.7,0.8367,2.4,white,89.43333333333334,15.8885353496021,2683,0.5771223770335389,2.5745858157317918e-51,2653,111.21862042970223,6.0,1.664948589874705,2.472577420295496,0.3672201152638399,4.197514318445546e-16,0.0,2.9200586065521095,4.685769074974644e-07,2566,113.98285268901013,0.34135333570604537,3.2834024247142824e-170,0.0,1.3557470597173978e-10
0.7,0.8367,2.6,white,142.03333333333333,15.018840020306348,4261,0.5841842188580464,2.1708937952469534e-99,4231,69.75844953911604,5.0,1.670638501815935,2.5806033246922713,0.4083014427565558,4.818937231737503e-47,0.0,1.6428796866528013,0.031997969654750325,4070,71.4948402948403,0.3738606734233308,4.271269160551455e-269,0.0,1.4466225747096514e-32
0.7,0.8367,2.8,white,218.0,19.81918262693999,6540,0.5980212545569026,9.389218412973025e-124,6510,45.70906298003072,5.0,1.6229209215323899,2.5656890284110165,0.45504363070989434,1.1949845692649743e-106,2.789512258735153e-33,1.8639670990192978,0.0063770200008563815,6182,47.09171789065027,0.4119328976271692,0.0,0.0,4.501626880273863e-70
0.7,0.8367,3.0,white,325.73333333333335,20.638044696358442,9772,0.6044308598489295,1.5449409532808003e-196,9742,30.598131800451654,4.0,1.6498614170482082,2.857722364198583,0.5075441954913746,3.766485942996691e-198,6.241181632769459e-227,1.3526895987127188,0.19474659676664685,9106,31.672303975400833,0.4543648566956432,0.0,0.0,1.168704962499482e-125
0.8,0.8944,0.2,white,538.8666666666667,11.25680041377458,16166,0.4978441467427786,1.1898754753670993e-78,16136,18.537741695587506,12.0,1.0227733590740071,2.6643871678063613,1.3980986111040434,3.013169322397478e-152,1.7634391626506894e-114,0.24326065347877832,1.9597946155935557e-05,16085,17.615231582219458,1.216563346223691,2.3324649658841088e-121,0.0,4.0663923233230276e-136
0.8,0.8944,0.4,white,379.2,19.16141957162882,11376,0.5026773499303722,1.2958137058479137e-53,11346,26.31641106998061,12.0,1.3245660132883907,2.869640658688966,0.921489573329204,1.9052272016863226e-246,3.067153304674389e-222,1.001636839807944,0.9251919166567317,11293,25.457628619498806,0.828464538029965,0.0,0.0,4.43272702244554e-227
0.8,0.8944,0.6,white,233.56666666666666,16.520055151912246,7007,0.5064766312895592,1.9519185164192355e-37,6977,42.665758922172856,12.0,1.5294608699991616,2.74391587213533,0.6387272861654105,5.349299593756185e-221,8.836909706483323e-178,1.2087469181065245,0.4055663094329538,6951,41.851819882031364,0.5844411332382233,0.0,3.2546791820420957e-131,8.317150309322933e-197
0.8,0.8944,0.8,white,138.23333333333332,14.941404069081177,4147,0.509997258605741,4.661321449740074e-22,4117,71.62885596307991,11.0,1.6469075532992858,2.7175797494145684,0.4886448519354458,8.225651089710983e-59,0.0,1.6706800927966208,0.02638969126506807,4109,70.81260647359454,0.45131986207969543,5.856877909182031e-251,0.0,1.5716083020260263e-50
0.8,0.8944,1.0,white,84.83333333333333,12.675654705861241,2545,0.5140155903561764,1.2567233323173192e-16,2515,115.81113320079523,10.0,1.7128061871716636,2.719754342529786,0.4075430413588378,8.787007075871824e-28,7.020485986016e-311,1.9592846013142744,0.0030202275996558114,2515,114.86918489065606,0.38003843537372944,6.972897250584553e-177,0.0,5.523636519455566e-24
0.8,0.8944,1.2,white,57.86666666666667,7.792018708624585,1736,0.5322596443590308,3.9625401278763545e-21,1706,169.88276670574444,9.0,1.64384846131924,2.414647703502555,0.36209448326052146,4.157210133484364e-21,7.187533411323463e-303,1.0854123629429524,0.6865863419781559,1710,168.56783625730995,0.338275039644282,1.0468499442522762e-148,2.3183365511629447e-251,1.909522158369987e-18
0.8,0.8944,1.4,white,46.233333333333334,9.604454984826342,1387,0.5444957898507049,9.298885014776644e-14,1357,209.85408990420044,9.0,1.674220125061621,2.339515729036458,0.33829846006981873,9.868715202579534e-09,5.31809925229531e-203,2.0640180990975314,0.001287096683874056,1361,208.32916972814107,0.31651550421805513,1.5769592904273712e-87,1.3278550243199235e-291,3.1299289764824394e-08
0.8,0.8944,1.6,white,47.266666666666666,9.902637134734475,1418,0.5306912954741502,2.752975192837463e-13,1388,206.9985590778098,8.0,1.7140799332539285,2.4578602906180773,0.3303636783021649,6.026997265382948e-09,7.031905064052861e-251,2.146199114829045,0.0006451137442098354,1380,207.2731884057971,0.310044585798895,5.948911528799981e-91,0.0,6.384748077410576e-08
0.8,0.8944,1.8,white,55.333333333333336,10.277267254587779,1660,0.5462032060511359,2.7899606761548857e-14,1630,176.75950920245398,7.0,1.6870073880651018,2.456682301939099,0.33740886703351564,2.3643783680554084e-11,1.8228653192100403e-180,1.9746572496884085,0.002670196328329766,1610,178.0062111801242,0.31553208991515874,1.2317252330834914e-118,9.560290724758036e-131,2.647859114251225e-09
0.8,0.8944,2.0,white,71.8,10.946536743037345,2154,0.5733248276986269,3.6719949021074195e-20,2124,136.13888888888889,6.0,1.7099743013429982,2.8721465147789886,0.35378574695390874,1.8709648985780613e-19,1.8501969532708458e-301,1.7264431850926905,0.017766063046323444,2069,138.77622039632672,0.33144822681321795,1.8095304986471868e-159,3.288180765233019e-284,2.6935838617903798e-15
0.8,0.8944,2.2,white,98.13333333333334,14.56647597129183,2944,0.5749975834100526,1.993604385359065e-42,2914,101.06554564172959,5.5,1.6828741103465585,2.528111385872731,0.3753701173020841,5.466796881299687e-26,0.0,2.2367410044977514,0.0002953762147186456,2821,103.39383197447714,0.34884611784177977,1.5014214683824647e-208,0.0,4.058597368880383e-19
0.8,0.8944,2.4,white,140.23333333333332,16.92864108216867,4207,0.5877143857369965,3.55944894350033e-61,4177,70.77352166626765,5.0,1.6799769827642725,2.770021896739423,0.40813131920269613,4.523073432263516e-46,1.3640188593189375e-17,2.114054572428547,0.0008470363345254306,4006,72.76934598102845,0.3759921226505207,3.0123545358586617e-243,0.0,1.3282716547823194e-28
0.8,0.8944,2.6,white,202.6,15.315787062156922,6078,0.5971198773380186,6.153553351111234e-108,6048,49.00992063492063,5.0,1.6520392232808339,2.693811038296372,0.4474514804841765,4.149399065965961e-91,1.437052599966047e-53,1.1977397283589202,0.4267841777184467,5746,50.544726766446225,0.40763923900241966,0.0,6.782853080435486e-231,5.671267845003662e-58
0.8,0.8944,2.8,white,300.43333333333334,22.458381261544407,9013,0.6064252285521475,1.4609046510886385e-161,8983,33.15662918846711,4.0,1.618173989353446,2.5839152495428164,0.4973537726998884,4.324575317863234e-218,0.0,1.7367289394246626,0.016494194533003492,8423,34.30203015552654,0.44755002286263196,0.0,0.0,2.6147592425623247e-141
0.8,0.8944,3.0,white,439.5,29.413998934747607,13185,0.6184894741113046,2.922470256913629e-247,13155,22.69236031927024,4.0,1.616836243329439,2.8500077549163074,0.5585069580011968,0.0,0.0,2.036444235220274,0.0016160941480207747,12074,23.639887361272155,0.4984470162140972,0.0,0.0,1.2475063920590605e-238
0.9,0.9487,0.2,white,613.0666666666667,15.737287638669576,18392,0.5211503050292641,2.243251979010929e-85,18362,16.289510946519986,11.0,0.9808024055504743,2.565232912605702,1.4596799381948802,9.421937815659522e-133,2.8726633544169962e-149,0.41790283631563946,0.00496780562931917,18242,15.409001206008114,1.2577591404714996,1.7466423385942984e-112,2.3403483350215106e-133,4.5637695963025315e-105
0.9,0.9487,0.4,white,470.53333333333336,20.87859084218941,14116,0.5210546555558253,3.008805120898466e-84,14086,21.21368734914099,11.0,1.255303802064093,2.810390964981599,1.0155922766307333,5.535782541689987e-295,2.6471918769104465e-191,0.9583744540311311,0.9419841332474306,13990,20.370407433881343,0.8962536539935034,0.0,8.047745346859003e-166,1.887884568403057e-274
0.9,0.9487,0.6,white,312.76666666666665,18.943219250052394,9383,0.5263426184942522,5.359642329193759e-48,9353,31.857692718913718,10.0,1.4729090282596777,2.812847206209988,0.7207525956382589,0.0,7.428071184644198e-224,1.1868897161778273,0.44845021690845877,9288,31.09668389319552,0.6505180105033435,0.0,1.9841150609290875e-306,5.833654040874501e-285
0.9,0.9487,0.8,white,203.46666666666667,16.331428460350782,6104,0.5371623615424086,2.044465373536e-35,6074,48.919492920645375,10.0,1.603492723626642,2.9001047749118056,0.5579218431620062,4.4129580249944585e-131,8.490556771594499e-236,1.3560582094273963,0.1911617987779155,6025,48.339585062240666,0.5109560689098293,0.0,4.3685335499897206e-42,5.0959734871836156e-108
0.9,0.9487,1.0,white,135.06666666666666,14.872644538062339,4052,0.5439169826457253,8.83946006530306e-28,4022,73.42913973147688,9.0,1.693330302067344,2.806051125726925,0.4583232835770367,1.9700178419315416e-50,0.0,1.6941484835075058,0.022374281240713945,3973,73.35867102944879,0.4256865723830884,1.8402733038903295e-252,0.0,2.8938489503639233e-43
0.9,0.9487,1.2,white,97.96666666666667,12.029085122688626,2939,0.5501065952342946,2.962949467600284e-34,2909,100.76280508765899,9.0,1.7320228575083856,2.9842246513343103,0.40936761982999603,7.67794977893387e-33,1.6989339614857805e-90,1.5279534441693745,0.06857224994469857,2872,101.09435933147633,0.3821216992193934,2.0184044322258125e-206,0.0,7.981979644931846e-27
0.9,0.9487,1.4,white,83.63333333333334,11.478917873891927,2509,0.5486450055972739,1.2208056271024683e-21,2479,117.86244453408632,8.0,1.6917131159558307,2.626636613177652,0.3840888205267989,1.820116720964006e-24,0.0,1.6298429103503247,0.03498633458865097,2455,118.05498981670061,0.3566460601336319,1.059381844288196e-185,0.0,3.5859106622936254e-21
0.9,0.9487,1.6,white,81.4,13.499629624548966,2442,0.5736581802984475,8.012913554781225e-24,2412,121.0393864013267,7.0,1.6936721412573412,2.466519495148496,0.3717815748570187,1.570671031019462e-23,0.0,2.3160213505041094,0.00014664447402035208,2369,122.26551287463064,0.3469497545621074,5.851416900921988e-194,0.0,4.7578625447345795e-20
0.9,0.9487,1.8,white,91.0,12.761922530193743,2730,0.5783478485021036,3.052969888521335e-18,2700,108.35222222222222,7.0,1.7031327157172547,2.6421795815175018,0.37673496285308417,1.090312383458668e-25,0.0,1.8514588859416445,0.007018852751791815,2617,110.7944210928544,0.35334692940952644,5.084343993692403e-196,8.962850627906171e-43,4.880425216515591e-19
0.9,0.9487,2.0,white,112.73333333333333,15.163406242955071,3382,0.5808054722784086,4.111144273320304e-50,3352,87.60560859188544,6.0,1.6995661329189482,2.727327727924044,0.39018333029257946,4.37557076992078e-39,0.0,2.1099125186076386,0.0008771126942330731,3223,90.10083772882408,0.36433503268092887,3.7874967530802677e-230,9.510114619303818e-15,1.227884880081335e-28
0.9,0.9487,2.2,white,146.33333333333334,17.61691106736807,4390,0.5857946303336644,4.330058794617288e-50,4360,67.89128440366973,5.0,1.6853817822026225,2.787129088502217,0.41511208521356574,3.6533678675926987e-50,1.6179114219474111e-78,2.194014610007069,0.0004281304618956039,4172,69.9261744966443,0.3842026075514938,2.565545520189548e-269,0.0,1.691220982196409e-38
0.9,0.9487,2.4,white,200.1,14.976314633447041,6003,0.6012646049447796,5.046937510442726e-84,5973,49.681232211618955,5.0,1.6324902318083268,2.625837381122109,0.4500121094912959,1.0101213834062232e-92,3.006316289032267e-56,1.1595409191955748,0.5063758593154439,5638,51.587087619723306,0.4150239222184554,0.0,0.0,3.938993206436356e-57
0.9,0.9487,2.6,white,281.2,21.323539418523684,8436,0.6107233794085155,3.080501856595302e-126,8406,35.49262431596479,5.0,1.6349583148980416,2.8497869072422986,0.49278607094344723,6.853435988057e-173,0.0,1.6727326237308089,0.026013711359636593,7855,36.92170591979631,0.449241914779928,0.0,0.0,8.710098234422051e-106
0.9,0.9487,2.8,white,390.8,25.637732609053657,11724,0.6173992252210595,1.1026152057994517e-206,11694,25.518043441080895,4.0,1.6011884305923414,2.6583419669690413,0.5422935552274941,5.235213959385504e-293,0.0,1.739914587230438,0.016117768580081737,10799,26.55607000648208,0.4868083830203899,0.0,0.0,4.3779214509629755e-179
0.9,0.9487,3.0,white,536.0666666666667,30.992400502201967,16082,0.6275004280651959,1.794849931999779e-288,16052,18.621667081983553,4.0,1.5724135764449108,2.809973022861805,0.6014066370309493,0.0,0.0,1.853595152430003,0.006905085691259583,14513,19.494522152552882,0.5363069901405217,0.0,0.0,0.0
1.0,1.0,0.2,white,681.4666666666667,18.353443515833447,20444,0.5476690137115308,1.865260859799475e-127,20414,14.654060938571568,10.0,0.9657265297838021,2.5388733337658564,1.4835934558550945,7.6720094506120645e-143,4.282222163846349e-75,0.511344699397513,0.027395183555946646,20168,13.836919873066243,1.280196022926349,5.643164244895008e-44,0.0,3.753883574031142e-101
1.0,1.0,0.4,white,550.5333333333333,20.68289685276756,16516,0.5485040239781644,1.1729396298975011e-90,16486,18.135751546766954,10.0,1.1956183178137576,2.7643060158531627,1.1025135633947714,9.407889965822357e-221,3.74394293105093e-147,0.8038265923952532,0.4757535823538503,16296,17.351006381934216,0.9669827138909637,1.4415874675787312e-226,0.0,2.4834391811474106e-204
1.0,1.0,0.6,white,395.06666666666666,19.709445000360162,11852,0.5516560369775045,4.286781516760302e-81,11822,25.259262392150227,10.0,1.408594000233608,2.8698243235648486,0.799372053911244,0.0,0.0,1.0171890092753149,0.878684635724583,11686,24.559387301043984,0.7134370289685099,0.0,0.0,0.0
1.0,1.0,0.8,white,275.5,17.192537140670463,8265,0.5535468060598308,7.229681594095237e-62,8235,36.16806314511233,9.0,1.5483970200442303,2.7761421496582614,0.6226415801721656,7.093852427312024e-243,2.0737317065869844e-103,1.1098942361849928,0.6234564578595321,8107,35.744541754039716,0.5674081641953899,0.0,2.8304377451637953e-162,4.724930330385941e-202
1.0,1.0,1.0,white,197.0,17.204650534085253,5910,0.5632490084794027,1.8530144036901832e-56,5880,50.48010204081633,9.0,1.6355164783884544,2.886707109283986,0.522479393021786,3.408045471460156e-112,1.3148192211488829e-59,1.554349728688955,0.0578533641115162,5788,50.291465100207326,0.4797102216953905,0.0,0.0,6.548873680599421e-90
1.0,1.0,1.2,white,149.5,15.059327120868758,4485,0.5617848826944313,3.1936164309653806e-31,4455,66.389898989899,8.0,1.7009791872117548,2.9416728101838756,0.4564160139647325,2.4840184124285934e-63,0.0,1.5692538346211509,0.05248697242623446,4375,66.61531428571429,0.4216324580961965,1.3111638645287986e-268,3.386296062532511e-22,1.1145024003186445e-50
1.0,1.0,1.4,white,127.96666666666667,12.349044047572626,3839,0.5651800355726074,1.319764479528586e-29,3809,77.22105539511684,8.0,1.7066270582329015,2.766150114438529,0.42348994620618735,1.2342141958999717e-46,0.0,1.2328012862545026,0.3618489311878794,3702,78.45840086439762,0.39553614136970394,1.0205439663406971e-241,0.0,7.095946283375042e-36
1.0,1.0,1.6,white,123.53333333333333,12.007590192133566,3706,0.5692368252621296,1.7453894254142392e-33,3676,80.31501632208922,7.0,1.6861917614157196,2.6223468423538376,0.4094967682295505,8.55446039872353e-47,0.0,1.2073989988276237,0.408123473323313,3548,82.20828635851184,0.38308102843113917,4.454929096614367e-245,0.0,3.1257091499676587e-35
1.0,1.0,1.8,white,134.93333333333334,13.937798327649249,4048,0.5894297998918343,6.972346312180569e-61,4018,73.51045296167247,7.0,1.6868396027837367,2.6826581543190944,0.4175670998476246,1.170993286823651e-42,0.0,1.4893348780155378,0.08742818671463315,3873,75.25277562612962,0.38863930456407264,4.2057477151575995e-231,0.0,3.7836000885548387e-28
1.0,1.0,2.0,white,161.3,16.880264610880168,4839,0.5964773431999716,7.084183934893039e-62,4809,61.47223955084217,6.0,1.6964730448223562,2.829655488488678,0.429297212368038,5.725750696957257e-60,7.11149489969711e-176,1.8274579387305734,0.008424473046028558,4579,63.530683555361435,0.39980538420544026,7.397534182539753e-270,0.0,1.0859463940482188e-41
1.0,1.0,2.2,white,201.06666666666666,17.959089311234266,6032,0.6004183519449912,1.2771828178255141e-83,6002,49.497667444185275,5.0,1.6828275882426056,2.852632952036196,0.4507869543407327,6.5662395325259805e-99,8.302977270791695e-54,1.6594027256928565,0.028546004090022725,5663,51.41638707398905,0.4174499296407037,0.0,6.270229783802606e-129,4.0814406624052984e-64
1.0,1.0,2.4,white,270.3,17.384188218033074,8109,0.598493060835636,1.7941485286110048e-100,8079,36.82448322812229,5.0,1.626094770751267,2.707706348609914,0.48942684791143576,1.3417556751014516e-170,0.0,1.1566076007501243,0.5128695656232805,7583,38.1777660556508,0.446284754077213,0.0,0.0,4.929308888600105e-109
1.0,1.0,2.6,white,365.1333333333333,22.246697632582585,10954,0.6156675960174862,7.078757060878443e-181,10924,27.326071036250458,4.0,1.6240009946305514,2.796185619287435,0.5295487588297096,1.000813462198679e-293,0.0,1.4021771294378373,0.1473289886088267,10069,28.568576819942397,0.4805998639730215,0.0,0.0,7.776383076519821e-186
1.0,1.0,2.8,white,488.03333333333336,23.176832302011324,14641,0.629737653845587,2.2096585847970286e-225,14611,20.460201218260217,4.0,1.5963022249090617,2.762750328166832,0.5816158026655598,0.0,0.0,1.1386281792509934,0.5538486297333314,13268,21.43480554718119,0.5219265329761908,0.0,0.0,1.2202277131807448e-292
1.0,1.0,3.0,white,641.4333333333333,27.429525859717096,19243,0.6392867848609342,0.0,19213,15.552178212668506,4.0,1.552606050300588,2.7879535212493622,0.6409781353303535,0.0,0.0,1.2134121319530435,0.39680423278587695,17141,16.314800770083426,0.5683507318667198,0.0,0.0,0.0
1.1,1.0488,0.2,white,756.7333333333333,21.803567496067142,22702,0.5660438375437677,9.071192719366168e-166,22672,13.198394495412844,9.0,0.9477294666600118,2.5333854802472553,1.513063470861066,8.197353109373095e-115,5.1539062676966736e-101,0.6498834980360229,0.14968450867623204,22265,12.43570626543903,1.305241888301643,3.5820383854654856e-59,1.2415365509427137e-278,1.0334347131409012e-63
1.1,1.0488,0.4,white,630.1666666666666,19.270155393480582,18905,0.5667107952900383,2.1733207489880065e-132,18875,15.848635761589405,9.0,1.1540882551414282,2.797231961617693,1.1666820336087234,3.147424167510331e-206,0.0,0.609590602741475,0.0988609228718592,18555,15.117488547561305,1.0177578279128299,1.6274831872617712e-169,0.0,1.4552596276119546e-179
1.1,1.0488,0.6,white,481.1666666666667,19.346116463575378,14435,0.565605648237358,2.3553655411942005e-107,14405,20.739048941339814,9.0,1.3534064511049626,2.866191561078796,0.8776783136289007,0.0,1.0867479815878055e-135,0.8046653846613238,0.4780404908488501,14135,20.130739299610894,0.781261993225078,0.0,0.0,0.0
1.1,1.0488,0.8,white,356.5,19.14810695604137,10695,0.5687069643157707,1.0378338024381852e-71,10665,27.981715893108298,9.0,1.504666163206928,2.791398987594642,0.6876864902082737,0.0,4.565270640521594e-173,1.0639357740484596,0.7446656207626123,10459,27.528157567645092,0.619065767465908,0.0,0.0,3.241570548968525e-283
1.1,1.0488,1.0,white,266.23333333333335,18.810782959663204,7987,0.5724112584567645,9.538347234049217e-58,7957,37.42666834234008,8.0,1.5930570793231402,2.8618464471771423,0.5753693661179663,3.3192057605144524e-197,0.0,1.3749109544388938,0.17208918899914338,7756,37.38847343991748,0.526297484689268,0.0,0.0,1.945858595024854e-156
1.1,1.0488,1.2,white,209.2,18.45065491159234,6276,0.5794676867246085,7.833076042354271e-51,6246,47.51472942683317,8.0,1.6702103033069078,3.058781141862179,0.5045701444860876,9.59977012991984e-123,0.0,1.6833915738115643,0.024139204554401328,6068,47.899967040210946,0.464765007740452,0.0,0.0,1.3396716167063422e-99
1.1,1.0488,1.4,white,182.66666666666666,15.674466143664633,5480,0.5850626329875562,1.5212329486087103e-44,5450,54.307522935779815,7.0,1.6913545513765855,3.0138767914837943,0.4699879768789397,2.8735018812352e-92,0.0,1.3913918952932292,0.15673879253985046,5268,55.17312072892938,0.4354016155863384,0.0,0.0,9.16772365179823e-68
1.1,1.0488,1.6,white,175.66666666666666,13.07499734438044,5270,0.5846967660195835,5.232642497806922e-59,5240,56.458015267175576,7.0,1.6810294685123575,2.8281691184669517,0.4540335268598878,6.122903550922344e-79,5.8079793038900243e-64,1.0067395144932276,0.9098439646687129,5036,57.725972994440035,0.4210752630762306,0.0,1.6207774881754715e-113,2.707615185811341e-61
1.1,1.0488,1.8,white,188.9,13.792147524346358,5667,0.5945540098057508,3.176512671359484e-70,5637,52.61504346283484,6.0,1.6482025323553338,2.7247245252225794,0.4575564510087289,4.00967788479302e-101,1.3150124995062598e-143,1.0417297968273673,0.8071346018039245,5368,54.221497764530554,0.42522129773567413,0.0,0.0,4.487022768471585e-66
1.1,1.0488,2.0,white,220.13333333333333,19.046842841327333,6604,0.59636492608439,3.2733697700457156e-85,6574,45.10906601764527,5.0,1.6593177117740816,2.803561722549339,0.4717979002414883,1.7902726569064723e-114,6.274840428580878e-117,1.70483928235761,0.020738855810762846,6242,46.469400833066324,0.434155566803737,0.0,0.0,6.965500168392582e-81
1.1,1.0488,2.2,white,266.4,19.407215153133127,7992,0.6065831259196983,7.426794412758226e-102,7962,37.345390605375535,5.0,1.6316556555437012,2.730705373490165,0.49205789346330747,6.006641592118438e-165,0.0,1.4625660142901524,0.10303556975155503,7449,38.859712713115854,0.4531571046794261,0.0,0.0,1.0298530503575355e-105
1.1,1.0488,2.4,white,348.1333333333333,22.41834566202917,10444,0.6182108050936507,2.0074040131568386e-160,10414,28.620702899942387,5.0,1.6130823178036378,2.7949036779526364,0.5290085989842017,5.275073121374883e-275,0.0,1.4934296543800105,0.08523310736251477,9601,29.967295073429852,0.4843210674509471,0.0,0.0,1.5714242394604765e-163
1.1,1.0488,2.6,white,452.8333333333333,26.655935340724564,13585,0.6287083139564665,8.026251786889572e-216,13555,22.038657322021393,4.0,1.5849116143907294,2.725735195166423,0.5717166731823083,0.0,0.0,1.6232025687561078,0.0366043198824797,12345,23.10627784528149,0.516825088901681,0.0,0.0,7.862250286126357e-259
1.1,1.0488,2.8,white,582.7,31.986611782640143,17481,0.6364293828497557,1.27310151040417e-277,17451,17.128474012950548,4.0,1.574962644568079,2.8091569808220886,0.6199502705623496,0.0,1.639661441559607e-202,1.816413485380186,0.009156656286626985,15610,18.03465727098014,0.5562848770105764,0.0,0.0,0.0
1.1,1.0488,3.0,white,739.0333333333333,25.83212900418564,22171,0.650481061974616,0.0,22141,13.512217153696762,3.0,1.5257869614579729,2.789538678120631,0.6743243626932253,0.0,0.0,0.9340704461715289,0.8660903097824483,19374,14.302312377413028,0.6001689621316039,0.0,0.0,0.0
1.2,1.0954,0.2,white,821.5,24.589631961458878,24645,0.5804105544924415,8.418997191668256e-200,24615,12.15925248832013,9.0,0.929112605335572,2.437966504502506,1.5400910229956546,8.585116680079905e-165,3.034965779026345e-110,0.7614120511259891,0.36635548043229405,24070,11.42492729538845,1.323273872626157,4.372936221956939e-76,0.0,7.579940655374449e-153
1.2,1.0954,0.4,white,704.6666666666666,21.94589306048451,21140,0.5869510110347431,3.607306683194618e-189,21110,14.173614400757934,9.0,1.1148925468836866,2.7211872999959903,1.2201751026667182,3.2111376838199625e-303,2.715039684715292e-288,0.7070433562783414,0.24687358374928314,20639,13.485730897814816,1.06012665636977,4.335560719114391e-158,4.513721785766668e-85,1.186929844285201e-186
1.2,1.0954,0.6,white,565.6666666666666,20.359000193744507,16970,0.5860479927134226,1.0798014297233003e-144,16940,17.655017709563165,8.0,1.3027555249148774,2.8205599293239394,0.9477552846079869,0.0,1.5734931238249583e-170,0.7580110946294678,0.358158648107071,16523,17.086667070144646,0.8390799875565779,0.0,0.0,0.0
1.2,1.0954,0.8,white,435.06666666666666,18.11984792675945,13052,0.5882220029706333,6.111570127984778e-124,13022,22.93956381508217,8.0,1.450507089386327,2.8562005241557253,0.7485393043601403,0.0,1.9320663113050563e-11,0.7806862734737442,0.41448225695250207,12671,22.55954541867256,0.6710691269678961,0.0,0.0,0.0
1.2,1.0954,1.0,white,337.8333333333333,18.295870815265637,10135,0.5910818826627482,2.621502416569922e-97,10105,29.49995051954478,8.0,1.5511178800368361,2.928691421041677,0.6298579005168173,0.0,1.6469530191076352e-219,1.0250072299814572,0.8556291485908813,9785,29.446193152784875,0.5730216660333018,0.0,0.0,2.940089218006563e-249
1.2,1.0954,1.2,white,279.8666666666667,17.11867076875097,8396,0.5877546912217908,9.399947648579417e-62,8366,35.54374850585704,7.0,1.6154925110965999,2.9487977286116154,0.5593010114918454,9.451094223367436e-199,0.0,1.083208752936538,0.6924330449408864,8066,35.84403669724771,0.5125456192148186,0.0,1.932508700608471e-282,3.1262333441025316e-150
1.2,1.0954,1.4,white,243.63333333333333,18.46886268531143,7309,0.5988506057563538,9.319223203226153e-82,7279,40.80986399230664,7.0,1.6373293321446842,2.9670666764578666,0.5162621170234187,2.116759091016233e-156,0.0,1.4483277584083862,0.11228342278141246,7000,41.41428571428571,0.47392702798687875,0.0,0.0,7.273585696948472e-122
1.2,1.0954,1.6,white,237.03333333333333,15.932112923972834,7111,0.6060945266479034,1.8374212440192744e-99,7081,41.983759356023164,6.0,1.6092857145906871,2.6421248459041005,0.5003352741643611,3.820143828214186e-135,0.0,1.1077980205509677,0.6287274565404148,6745,43.04151223128243,0.4623423228827939,0.0,0.0,7.527019642817378e-107
1.2,1.0954,1.8,white,249.26666666666668,19.780349395858057,7478,0.6134573537360909,3.286504432476543e-89,7448,39.93461331901182,6.0,1.6462166226334956,2.8593535196588307,0.4953102283001318,1.2305596214532146e-146,0.0,1.623779177541478,0.036461169471624366,7050,41.14737588652482,0.4564655863706574,0.0,0.0,3.009271005473936e-113
1.2,1.0954,2.0,white,279.93333333333334,17.304976805018327,8398,0.6123146582569757,7.635846499883704e-109,8368,35.54899617590822,5.0,1.6164900761469458,2.760491265800163,0.5081008004911155,4.482638129625453e-192,1.5942863121278641e-32,1.106651008860895,0.6316225084521778,7859,36.79793866904186,0.4667292374248832,0.0,3.460602683100867e-253,3.2247871080822516e-125
1.2,1.0954,2.2,white,340.43333333333334,16.572433603896428,10213,0.6091501120991368,5.656910425605367e-150,10183,29.26161249140725,5.0,1.6135288524094435,2.7757831361629988,0.5328848929765431,8.48473316918896e-257,5.417377580865768e-163,0.8345718945090265,0.5622384872714944,9456,30.443422165820643,0.48742627458277454,0.0,0.0,3.163014264217438e-154
1.2,1.0954,2.4,white,430.2,26.558614421690002,12906,0.6268372418452971,4.1654902375419875e-188,12876,23.18685927306617,4.0,1.61604143223632,2.9302346592762043,0.5665204116908072,0.0,0.0,1.6961477420285678,0.022059674406770924,11772,24.273870200475706,0.5148308717373361,0.0,0.0,1.1521012706978443e-218
1.2,1.0954,2.6,white,537.6333333333333,29.088924963902596,16129,0.6351296364385393,5.075219905185109e-258,16099,18.56115286663768,4.0,1.5605483011472252,2.691822456314766,0.6074765024481174,0.0,0.0,1.6281424976643057,0.035394330775058824,14482,19.526791879574645,0.5481613763476558,0.0,0.0,0.0
1.2,1.0954,2.8,white,677.8333333333334,29.987867917246504,20335,0.6449450659057356,0.0,20305,14.734794385619306,4.0,1.5425927759275144,2.813672416760893,0.6578715320307451,0.0,7.815984519818967e-217,1.37243414191601,0.1745009252648395,17913,15.572377602858259,0.589942134243042,0.0,0.0,0.0
1.2,1.0954,3.0,white,847.5,32.37051127183505,25425,0.658571224310917,0.0,25395,11.782949399488087,3.0,1.4947361240161838,2.810215377073094,0.7192067019455979,0.0,0.0,1.2790357033872446,0.2877693976087037,21968,12.46781682447196,0.638702547172626,0.0,0.0,0.0
1.3,1.1402,0.2,white,879.7,23.46792136797235,26391,0.5955242430833863,3.63159363491449e-260,26361,11.354728576305906,8.0,0.9173528160662584,2.3675467749565677,1.5559818778365369,1.5583115858848266e-259,0.0,0.6476463371133574,0.14648688095485732,25642,10.656384057405818,1.33929906255982,4.9375829568557614e-225,8.255551829540463e-210,4.299700463255578e-159
1.3,1.1402,0.4,white,779.9666666666667,22.97459950080136,23399,0.5938990681454395,1.753316910292345e-241,23369,12.81201591852454,8.0,1.0874130629697936,2.7314730910994935,1.2680501440751861,4.979990103790688e-265,0.0,0.7000726526774648,0.23342351452331708,22695,12.172196519057062,1.1028926549827078,1.9173223584667262e-207,5.501456555148086e-268,5.596934157208673e-286
1.3,1.1402,0.6,white,646.7666666666667,22.501382673565242,19403,0.6003181677912409,1.2838510416403892e-181,19373,15.443348990863573,8.0,1.2651668725866072,2.8105641331199918,1.001798225811704,0.0,0.0,0.8098303319607525,0.49221774875556734,18776,14.912494674051981,0.8832088231293097,0.0,0.0,7.677103114975916e-294
1.3,1.1402,0.8,white,518.7666666666667,19.00821459848931,15563,0.5974034553914022,1.4698076943358174e-161,15533,19.239554496877616,8.0,1.4014544098170478,2.7668147981293667,0.8119037878232384,0.0,0.0,0.7204997706762503,0.27407192248271794,15031,18.85929079901537,0.722889100219348,0.0,0.0,0.0
1.3,1.1402,1.0,white,418.53333333333336,21.25046404722076,12556,0.6013854881594975,3.0290933260242473e-139,12526,23.818377774229603,7.0,1.5094830519292863,2.915521232721703,0.6868555384266452,0.0,0.0,1.1161692170798956,0.6078322609160216,12086,23.66084726129406,0.6177751007426806,0.0,0.0,0.0
1.3,1.1402,1.2,white,351.3333333333333,21.830152440043925,10540,0.6007449891923439,1.0743325478027751e-115,10510,28.370313986679353,7.0,1.5618372474018467,2.810598283476348,0.6084287016494487,7.35777881641874e-309,2.089058855311977e-262,1.4031930903618404,0.1464676944589398,10080,28.550694444444446,0.5531232437392719,0.0,0.0,9.306688466798178e-230
1.3,1.1402,1.4,white,314.23333333333335,20.036106297271324,9427,0.6075515240186445,7.968245956763444e-109,9397,31.70501223794828,6.0,1.5977327956365661,2.8690344916199573,0.5618748739455859,4.128657740863671e-237,0.0,1.32159278375027,0.23050478474479896,8935,32.30621152770006,0.5158288315165992,0.0,0.0,5.825186420317532e-171
1.3,1.1402,1.6,white,301.3666666666667,21.07049015935689,9041,0.6107857883712244,1.0237768852916365e-92,9011,33.02674508933526,6.0,1.6137859660741232,2.8964356934903774,0.5395020015618239,2.6190571379271575e-211,0.0,1.5239731643966756,0.07033326024514741,8544,33.789794007490634,0.4940183174194197,0.0,0.0,1.709818923822819e-162
1.3,1.1402,1.8,white,313.23333333333335,20.397194796234984,9397,0.6173081139090472,2.989201696630109e-135,9367,31.804740044838262,6.0,1.6133447390631477,2.8636897900147478,0.5362198988945933,1.0906328314967092e-210,0.0,1.374029862795536,0.17294393358460436,8810,32.76367763904654,0.4913964779915598,0.0,0.0,4.704916625646926e-143
1.3,1.1402,2.0,white,351.53333333333336,18.584461849142208,10546,0.6207072769443588,1.4080224744875752e-142,10516,28.340813997717763,5.0,1.6210177850456493,2.9805115326692544,0.5449316043258902,5.03540110031533e-276,0.0,1.016381435680794,0.8810790757085356,9749,29.500974458918865,0.5010263761490217,0.0,0.0,8.2731066214789975e-165
1.3,1.1402,2.2,white,413.2,17.238329385413195,12396,0.6299433690129022,5.906959121049519e-166,12366,24.123241145075205,5.0,1.5908452063539054,2.7159756805964395,0.5673330510347545,0.0,0.0,0.7439663517708717,0.3252929882822665,11349,25.202837254383645,0.5181671911938526,0.0,0.0,1.2139042530294334e-235
1.3,1.1402,2.4,white,504.8,19.275891678467175,15144,0.6390746019820145,6.88150839352347e-251,15114,19.770477702792114,4.0,1.5733033904752152,2.78541508563288,0.5987313028063573,0.0,0.0,0.7614350510956883,0.36641122354457256,13660,20.77386530014641,0.5431761436954521,0.0,0.0,0.0
1.3,1.1402,2.6,white,622.5,25.11938162720837,18675,0.6508791885360705,1.90524477369115e-309,18645,16.030839367122553,4.0,1.5581483523805786,2.844908930252584,0.642491893457944,0.0,1.1971692793640136e-303,1.0485805290126022,0.7876162437055925,16586,16.901061135897745,0.5792742321991606,0.0,0.0,0.0
1.3,1.1402,2.8,white,761.1333333333333,30.298221436616082,22834,0.6546967967230496,0.0,22804,13.118663392387301,4.0,1.513583229677604,2.7787617067578125,0.6904894639207683,0.0,0.0,1.2476615331643979,0.3366340786263,19871,13.910573197121433,0.6197796969574095,0.0,0.0,0.0
1.3,1.1402,3.0,white,950.9,32.46469877677393,28527,0.6666157028239866,0.0,28497,10.500087728532828,3.0,1.4815913316688003,2.8224451174200422,0.7548488084566695,0.0,0.0,1.1465979598275318,0.535435089114018,24315,11.136500102817191,0.6693445382372251,0.0,0.0,0.0
1.4,1.1832,0.2,white,949.5333333333333,22.231709086097922,28486,0.6056081947898656,1.7605600811667466e-262,28456,10.520171492831038,8.0,0.8988044868878047,2.2714006491902152,1.5837053469193292,8.941268854728428e-155,1.0110170563332003e-289,0.5384665667587466,0.040803165361391676,27510,9.857869865503453,1.364566154930233,8.186048751339016e-76,3.7595069525570565e-74,1.141218082733314e-76
1.4,1.1832,0.4,white,848.6,21.149625686206996,25458,0.6088820623448419,1.3961150182221262e-271,25428,11.778039955954066,8.0,1.0652969460069883,2.7566686848413573,1.3066019632037245,1.042162925476215e-199,9.092467709535456e-118,0.5452875730411957,0.04484532786294757,24556,11.169490144974752,1.1342243086701533,2.8378997446046528e-123,0.0,4.438315641686156e-169
1.4,1.1832,0.6,white,726.7666666666667,20.975673741000286,21803,0.6068932232349267,3.9934178854764236e-232,21773,13.749322555458596,7.0,1.227460852915016,2.8643165880436237,1.0550779209338061,0.0,0.0,0.6262678182534198,0.11818156065902992,20943,13.263190564866543,0.9290689254414678,0.0,0.0,0.0
1.4,1.1832,0.8,white,600.3333333333334,24.81173557456677,18010,0.6135585077618766,3.489826825617502e-198,17980,16.623081201334816,7.0,1.3603457224987285,2.835278996974725,0.8724189978201051,0.0,8.189431347243027e-212,1.06082827547914,0.7532654753335446,17283,16.261875831742174,0.7753253486914218,0.0,2.8750897114304575e-189,0.0
1.4,1.1832,1.0,white,498.1,21.926163975184227,14943,0.612106576639649,3.0111104782322986e-169,14913,20.032521960705424,7.0,1.4547058610467778,2.7226129527083636,0.7398549323769588,0.0,0.0,0.9984631253937375,0.9347786878991833,14284,19.880145617474096,0.6632966683455473,0.0,0.0,0.0
1.4,1.1832,1.2,white,424.9,20.479827473231637,12747,0.6186457121351376,4.762255813005254e-159,12717,23.468742627978298,7.0,1.5271316987914052,2.825627074444495,0.6536972077649799,0.0,2.2577184166195578e-60,1.0211489924607007,0.8669780563299185,12102,23.621219633118493,0.5920896287226547,0.0,1.3872867834735037e-133,8.560195187423999e-308
1.4,1.1832,1.4,white,386.0,24.153674668671016,11580,0.6216832730911884,1.1350774277294596e-146,11550,25.80917748917749,6.0,1.566010145575013,2.7912250443313775,0.6057645084288311,0.0,0.0,1.5635161693764517,0.054497600494316734,10905,26.287391104997706,0.5534138267005128,0.0,0.0,3.97864125245467e-250
1.4,1.1832,1.6,white,371.2,18.96558286300037,11136,0.620974082795843,2.277021630892261e-137,11106,26.834143706104808,6.0,1.575342219727105,2.7060537772529263,0.5800545381804552,3.125948710308332e-297,1.7132569849858305e-107,1.002415279429251,0.9228451960575801,10429,27.521814172020328,0.5304489617193408,0.0,0.0,2.7833178963405482e-229
1.4,1.1832,1.8,white,386.26666666666665,18.985842678749403,11588,0.626969868833384,5.3055546399484476e-170,11558,25.799878871777125,5.0,1.5878597700334098,2.8969382644204185,0.5768897220801623,0.0,0.0,0.9653744063418759,0.9637309644166406,10780,26.599072356215213,0.5265434341192304,0.0,0.0,3.6203046982225226e-213
1.4,1.1832,2.0,white,427.6,20.60032362205345,12828,0.6257506129578906,2.8812250854223734e-175,12798,23.34708548210658,5.0,1.5804281958732986,2.809485111182988,0.5839822583429994,0.0,0.0,1.0266765588206832,0.850736744862647,11768,24.31050305914344,0.5343066050594657,0.0,1.4407678811315543e-305,1.51610919485995e-269
1.4,1.1832,2.2,white,494.7,21.608871634894157,14841,0.6413847792983217,2.3307786483133886e-228,14811,20.178651002633178,4.0,1.5723497677538634,2.7531515549452674,0.6038748530553705,0.0,1.3537798504625475e-184,0.9764399183064623,0.9979425772081724,13443,21.1365022688388,0.5502265277257352,0.0,0.0,2.809790783746249e-268
1.4,1.1832,2.4,white,585.8666666666667,22.591640538531554,17576,0.6512179730836203,4.054013981914332e-298,17546,17.034252821155818,4.0,1.5581841053989216,2.8161615248864487,0.6339729827782632,0.0,1.213067722635224e-219,0.9011975577982516,0.763436998842086,15682,17.94484121923224,0.5750335770409248,0.0,0.0,0.0
1.4,1.1832,2.6,white,707.0333333333333,23.553461646975705,21211,0.660402837093646,0.0,21181,14.124026249940984,4.0,1.5297918640345198,2.863491455904444,0.676691239191781,0.0,0.0,0.8116949728426534,0.49737557612865346,18615,14.936663980660757,0.6099160233916953,0.0,0.0,0.0
1.4,1.1832,2.8,white,850.5333333333333,27.43566211257814,25516,0.6625050807169176,0.0,25486,11.748136231656595,3.0,1.4925077691414443,2.7955246354019585,0.7248552348656572,0.0,0.0,0.9155094031601537,0.8080362750626996,21987,12.46145449583845,0.6486976872700275,0.0,0.0,0.0
1.4,1.1832,3.0,white,1050.1,31.29041386750901,31503,0.6739256518561741,0.0,31473,9.51501286817272,3.0,1.4362668166671881,2.750833237410578,0.7948945820253793,0.0,0.0,0.9645288297666234,0.9611078624824404,26515,10.109598340561947,0.7056384905121411,0.0,0.0,0.0
1.5,1.2247,0.2,white,1007.3666666666667,21.094206682299184,30221,0.6217029134320855,0.0,30191,9.917094498360438,7.0,0.89832405394478,2.27486714345624,1.5857550996988632,4.669672153029317e-115,0.0,0.45694304827996973,0.010882219666078156,28986,9.296453460291175,1.3755280419894138,6.355816820332559e-99,9.451139643812732e-173,1.2693181094158567e-213
1.5,1.2247,0.4,white,920.7666666666667,21.325545453490488,27623,0.6219668776174506,0.0,27593,10.854202152719893,7.0,1.0466546441973,2.7775532630455464,1.3429428711068216,0.0,1.0669407981518013e-93,0.5109447774031385,0.02722695480989813,26493,10.271467934926207,1.1636507336370807,8.171106631635208e-182,2.0165756710653738e-209,2.1381284975634045e-295
1.5,1.2247,0.6,white,801.5,21.67140973725521,24045,0.6208087939040396,2.4098625594971455e-268,24015,12.471288777847178,7.0,1.2051736840220213,2.9435315246092997,1.1027668974143803,0.0,1.7722980640310723e-224,0.6061694667326349,0.09518699722468033,22970,12.000783630822813,0.968748278587788,0.0,0.0,0.0
1.5,1.2247,0.8,white,679.3333333333334,24.137568689124887,20380,0.6305694181759913,1.1113582756063526e-258,20350,14.696412776412776,7.0,1.3297342930078693,2.913705750503871,0.9216958865065014,0.0,0.0,0.8872119386822778,0.7201485427062542,19385,14.386020118648439,0.8205916151666859,0.0,0.0,0.0
1.5,1.2247,1.0,white,576.3,23.83296037004216,17289,0.6258696401454116,3.9185030199439644e-213,17259,17.321165768584507,7.0,1.427078720517022,2.8290945815373534,0.7860998745493786,0.0,0.0,1.0196018596636092,0.871544792589926,16382,17.203332926382615,0.7044556544869537,0.0,1.0936966538576563e-29,0.0
1.5,1.2247,1.2,white,504.43333333333334,22.873104050147827,15133,0.6256894344599033,4.4056383432804624e-191,15103,19.779050519764287,6.0,1.4900491620901821,2.73356408417882,0.699517954770258,0.0,1.9833582534124267e-121,1.0729258049888688,0.7200604342759878,14255,19.90501578393546,0.6316713810416915,0.0,0.0,0.0
1.5,1.2247,1.4,white,461.6333333333333,23.472655485810623,13849,0.6289129755399896,1.2021574455985597e-179,13819,21.60221434257182,6.0,1.5331426747174295,2.7523038646830265,0.647142293138431,0.0,0.0,1.23466900386185,0.35860521540691215,12949,21.995366437562748,0.5886213568988722,0.0,0.0,0.0
1.5,1.2247,1.6,white,446.5,23.019918910948984,13395,0.6303604236782954,5.159354078742022e-175,13365,22.30677141788253,5.0,1.5518003629800163,2.744999584935013,0.6190253600992524,0.0,0.0,1.227748387844152,0.3707326907128461,12408,22.95921985815603,0.5662508755289832,0.0,0.0,9.5258899040536e-311
1.5,1.2247,1.8,white,462.1333333333333,22.390077167253253,13864,0.6346722576946418,2.3580372751580163e-189,13834,21.560936822321814,5.0,1.5735132517500314,3.0133612694941987,0.6133710229014807,0.0,0.0,1.122191933462005,0.5930562330175504,12760,22.299529780564264,0.559675457916054,0.0,0.0,0.0
1.5,1.2247,2.0,white,503.06666666666666,18.346540697241963,15092,0.6407021296620764,4.3390330225923703e-225,15062,19.846301951932013,5.0,1.558088972864702,2.7299003098470522,0.6191146753202739,0.0,0.0,0.6921593536653354,0.21868943300166668,13743,20.66157316452012,0.5637769360925464,0.0,0.0,0.0
1.5,1.2247,2.2,white,569.8,22.834768811325123,17094,0.646094093863688,6.637223469547691e-267,17064,17.516760431317394,4.0,1.5352774201457766,2.6899247601856593,0.6395245259702249,0.0,0.0,0.946660050108326,0.9054577065310498,15373,18.338775775710662,0.5803097477430552,0.0,0.0,0.0
1.5,1.2247,2.4,white,670.4666666666667,23.29768705735018,20114,0.6558435236345731,0.0,20084,14.897679745070704,4.0,1.5282786280701735,2.8166104834399723,0.6686323154990487,0.0,0.0,0.8374746702416912,0.5706619983846308,17724,15.752538930264048,0.60679556636457,0.0,0.0,0.0
1.5,1.2247,2.6,white,791.8,29.268185230155055,23754,0.662192666249923,0.0,23724,12.613176530096105,4.0,1.4937200377702053,2.7183637388703197,0.7079482802284571,0.0,0.0,1.1191784759300065,0.600422282162125,20592,13.382770007770008,0.6379810425344541,0.0,0.0,0.0
1.5,1.2247,2.8,white,952.4333333333333,27.227049458621515,28573,0.6754619533986979,0.0,28543,10.488000560557754,3.0,1.4644428487785406,2.734018476362808,0.7594158981182272,0.0,0.0,0.8051741636968587,0.47942977331050457,24264,11.163864160896802,0.6789345547227111,0.0,0.0,0.0
1.5,1.2247,3.0,white,1130.9,35.52402942610349,33927,0.6753956590403203,0.0,33897,8.835206655456235,3.0,1.446596555260129,2.911100714458217,0.8148783100166594,0.0,0.0,1.15436591545946,0.5178686215376396,28111,9.450108498452563,0.7257654268227073,0.0,0.0,0.0
1.6,1.2649,0.2,white,1066.7,21.72425679587988,32001,0.6275139028464545,0.0,31971,9.3647055143724,7.0,0.8935396634678756,2.253824359682138,1.5906171776371674,1.6969866449434277e-277,3.994785070726873e-167,0.4576893610005721,0.011034765843478305,30508,8.774059263144093,1.380306020677586,9.476691204553482e-139,6.997407791482077e-212,2.770700799321057e-286
1.6,1.2649,0.4,white,989.4,18.75206655278292,29682,0.6266193451574462,0.0,29652,10.102657493592337,7.0,1.0265069103009927,2.770866323203622,1.378126241802068,0.0,0.0,0.3676627423098638,0.0015014971284220441,28259,9.558016914965144,1.199777966621595,1.161143322226306e-230,0.0,3.70425635666847e-247
1.6,1.2649,0.6,white,879.1333333333333,24.58960936836714,26374,0.6328998298998469,0.0,26344,11.370293045854844,7.0,1.1756518107064728,2.910905583514871,1.1503304540637946,0.0,1.8256918457973192e-249,0.7114948630181762,0.25569205539169076,25058,10.909609705483279,1.0066887984022888,0.0,0.0,0.0
1.6,1.2649,0.8,white,758.4666666666667,30.7925676458171,22754,0.6335726002671795,0.0,22724,13.174353106847386,7.0,1.2858401503889691,2.88267226327353,0.9756968864674579,0.0,0.0,1.293238324144599,0.2675382098690806,21511,12.867323694853797,0.8665021400776363,0.0,0.0,0.0
1.6,1.2649,1.0,white,655.1,22.801096464863264,19653,0.6362139037350346,3.484060540441914e-254,19623,15.24145135810019,6.0,1.3938749156906238,2.794169585074804,0.8312619355321895,0.0,0.0,0.8209696861232032,0.5233301135900481,18454,15.150590657851955,0.7460068015312004,0.0,0.0,0.0
1.6,1.2649,1.2,white,584.5,27.79898079666471,17535,0.6313461716151687,4.36302945270039e-225,17505,17.07826335332762,6.0,1.463277490669564,2.821359921499001,0.7469033122158494,0.0,0.0,1.3677177664375681,0.17917103599757445,16428,17.139883126369615,0.6713478858540541,0.0,3.581739155871002e-251,0.0
1.6,1.2649,1.4,white,539.2,25.472076214291338,16176,0.6355272192959371,1.7518159898890575e-213,16146,18.507803790412485,6.0,1.4971592181217597,2.7045754068176944,0.6873562616536163,0.0,0.0,1.2448071216617207,0.34137254537632367,15013,18.836808099646973,0.6225166543202879,0.0,0.0,0.0
1.6,1.2649,1.6,white,526.8666666666667,26.130101841022782,15806,0.6396080028558577,5.7651557121392325e-217,15776,18.91518762677485,5.0,1.5167595319562306,2.7209031102060766,0.6621404053052562,0.0,0.0,1.3406170507053192,0.20804943960254674,14558,19.421898612446764,0.6017105803907099,0.0,0.0,0.0
1.6,1.2649,1.8,white,542.7333333333333,24.6562140015228,16282,0.639594598870953,9.290979340315116e-236,16252,18.39878168840758,5.0,1.5299506727821677,2.7351292185486153,0.6514060529280156,0.0,0.0,1.1587494546548127,0.5081226486569963,14827,19.0779658730694,0.5942116181577012,0.0,0.0,0.0
1.6,1.2649,2.0,white,585.1,22.073136010393572,17553,0.6497040778597992,8.945076076823936e-276,17523,17.06614164241283,4.0,1.5413100865245637,2.8178222301702154,0.6550625133015683,0.0,0.0,0.8614324695454358,0.6415900490394825,15852,17.76532929598789,0.5936475462775933,0.0,0.0,0.0
1.6,1.2649,2.2,white,658.0666666666667,24.11352778467353,19742,0.6549646063973562,0.0,19712,15.180296266233766,4.0,1.5330060408123343,2.821342841310089,0.6726917056184409,0.0,0.0,0.9140603439542513,0.8035110222274506,17566,15.917283388363884,0.6082842715759447,0.0,0.0,0.0
1.6,1.2649,2.4,white,755.7,23.703937788196008,22671,0.6637194224420087,0.0,22641,13.213992314827083,4.0,1.5054910147563203,2.85617271508568,0.70661374328123,0.0,0.0,0.7691567078707569,0.3853571807868216,19915,13.889932211900577,0.6356422542905807,0.0,0.0,0.0
1.6,1.2649,2.6,white,883.6,23.37605612587376,26508,0.6684438445570892,0.0,26478,11.30531006873631,3.0,1.4803198859380124,2.7971702519239248,0.7427468760781498,0.0,0.0,0.6397496136494903,0.13555927746100704,22694,12.026482770776417,0.6699696944403759,0.0,0.0,0.0
1.6,1.2649,2.8,white,1049.9666666666667,21.195099014211333,31499,0.6821392688235419,0.0,31469,9.510375289967905,3.0,1.4578895720989853,2.908963666039513,0.7963990411869822,0.0,0.0,0.4426073734141533,0.008266768480832116,26406,10.14451261077028,0.7140165200052877,0.0,0.0,0.0
1.6,1.2649,3.0,white,1238.2333333333333,29.19438682730333,37147,0.6837080673514151,0.0,37117,8.068243661933884,3.0,1.4094258978649814,2.8809749138105247,0.8617792209136279,0.0,7.2950807895683e-311,0.7120647418504115,0.2568338232471436,30516,8.599161095818587,0.7662868752259485,0.0,0.0,0.0
1.7,1.3038,0.2,white,1125.2,26.129676614914317,33756,0.6358284597456506,0.0,33726,8.88012216094408,6.0,0.888591851332287,2.248771578419475,1.5957254255110793,0.0,1.479411470897267e-218,0.6277136938107555,0.11996897516659324,31954,8.324810665331414,1.3905848321584453,6.871744165370096e-190,0.0,0.0
1.7,1.3038,0.4,white,1053.7,19.790822789026905,31611,0.6411293002966927,0.0,31581,9.487603305785123,6.0,1.006001999273942,2.759052891054019,1.4129515623410076,3.65137101883327e-236,0.0,0.3845333193704941,0.002304217200686163,29903,8.969802360967128,1.2342069597166698,7.486178348890218e-75,0.0,6.112605505926811e-148
1.7,1.3038,0.6,white,945.8666666666667,22.787033349887583,28376,0.6394582058943907,0.0,28346,10.568157764763988,6.0,1.1444831910875861,2.921908446501258,1.1951074426049895,0.0,0.0,0.567896133692387,0.060400906724329795,26782,10.132626390859533,1.0484587183425327,2.1421018552815394e-293,0.0,0.0
1.7,1.3038,0.8,white,837.3333333333334,27.01398814606158,25120,0.6428560992548658,0.0,25090,11.93941809485851,6.0,1.2573156773457699,2.865696428414918,1.0232291073789732,0.0,0.0,0.9015758840325059,0.7646126811261763,23629,11.62143975623175,0.9044372889023391,0.0,3.026841905368468e-255,0.0
1.7,1.3038,1.0,white,738.7333333333333,23.82985988675179,22162,0.6444541784911537,3.1470400834407e-303,22132,13.52417314296042,6.0,1.361041837276308,2.80759621829747,0.8813800807657319,0.0,0.0,0.7952039682712563,0.45250400888076325,20686,13.40670018369912,0.7880592827299701,0.0,0.0,0.0
1.7,1.3038,1.2,white,665.3,28.128455343299606,19959,0.638965059430766,1.5971017394509577e-286,19929,15.01174168297456,6.0,1.4313207222021018,2.8115459580967364,0.7871013417879257,0.0,0.0,1.2302616916402767,0.36629413384969367,18495,15.104731008380643,0.7086508432619733,0.0,0.0,0.0
1.7,1.3038,1.4,white,617.3,26.264234235933852,18519,0.6401101389809869,9.17103376961725e-276,18489,16.178863107793823,5.0,1.476103463211542,2.7678862820915247,0.7275833418502199,0.0,0.0,1.1559963578877985,0.5142295335551514,17073,16.444385872430153,0.656397295901179,0.0,0.0,0.0
1.7,1.3038,1.6,white,608.1333333333333,26.404208418777152,18244,0.6436754415089107,1.4084503094679057e-291,18214,16.417535961348413,5.0,1.4925695078040855,2.7532679679974654,0.7028782531632345,0.0,0.0,1.185961941195594,0.45033753628628315,16713,16.80901094956022,0.6348250179283321,0.0,0.0,0.0
1.7,1.3038,1.8,white,624.7333333333333,27.450480667720353,18742,0.646089325613161,6.355210881452606e-288,18712,15.984662248824284,5.0,1.5032316715871012,2.729525591914741,0.6909809983890388,0.0,0.0,1.2477526043295715,0.3364837119167372,16964,16.534602688045272,0.6266117885436583,0.0,0.0,0.0
1.7,1.3038,2.0,white,667.7333333333333,21.563755599513634,20032,0.6528913026057873,0.0,20002,14.957504249575042,4.0,1.5085432287869172,2.79901184475626,0.6927165925478829,0.0,0.0,0.7203922000661012,0.2738481181473952,17901,15.600692698731914,0.627931775066685,0.0,0.0,0.0
1.7,1.3038,2.2,white,741.0333333333333,23.65091024792821,22231,0.663481367066782,0.0,22201,13.483401648574388,4.0,1.509850508838096,2.858916060265186,0.7087151718085647,0.0,0.0,0.7808744856126658,0.414965762323103,19598,14.145474027962036,0.6403652905172972,0.0,0.0,0.0
1.7,1.3038,2.4,white,839.7,25.416726775885206,25191,0.6706652028175378,0.0,25161,11.89269106951234,4.0,1.4755082643652915,2.747851008877314,0.7379149375490872,0.0,0.0,0.7958630545391826,0.4542641228979668,21839,12.553230459270113,0.6652753917161692,0.0,0.0,0.0
1.7,1.3038,2.6,white,976.1,24.869459181896175,29283,0.6842241312933628,0.0,29253,10.225652069873176,3.0,1.4543115234764703,2.7675041926422095,0.7777862083547429,0.0,0.0,0.6554832920595333,0.15788680258237708,24859,10.859085240757874,0.6983511362914814,0.0,0.0,0.0
1.7,1.3038,2.8,white,1139.8333333333333,35.69601596194672,34195,0.6832201228570208,0.0,34165,8.762827454997804,3.0,1.4255783322956213,2.8337414051274963,0.8300123304355284,0.0,0.0,1.1564354538624824,0.5132523415394892,28407,9.338648924560848,0.7419334512577115,0.0,0.0,0.0
1.7,1.3038,3.0,white,1321.4333333333334,32.203191698270466,39643,0.6933258624226359,0.0,39613,7.5640824981697925,3.0,1.390421651284219,2.8213080431655597,0.8854205668379908,0.0,0.0,0.8118500722395657,0.4978055296821692,32079,8.107671685526357,0.789912658701932,0.0,0.0,0.0
1.8,1.3416,0.2,white,1184.6,25.94558408156065,35538,0.6466335253295827,0.0,35508,8.435028725920919,6.0,0.8865966300330702,2.223658498460084,1.5992147126776364,0.0,0.0,0.5878661209661926,0.07714252388562493,33380,7.916087477531456,1.4033399676108087,0.0,0.0,2.2459546166145686e-288
1.8,1.3416,0.4,white,1116.4333333333334,19.9761246380662,33493,0.6494263573030207,0.0,33463,8.953590532827302,6.0,0.9916741678239042,2.709637555966712,1.429457553122913,6.720681332660463e-220,0.0,0.3697540505118413,0.0015858717697164065,31411,8.478431122855051,1.2567052103621705,2.6230579104602832e-185,0.0,0.0
1.8,1.3416,0.6,white,1018.2333333333333,23.258952876019354,30547,0.6470017847142601,0.0,30517,9.818035848871121,6.0,1.120810450685735,2.918214017807045,1.2348721567181977,0.0,0.0,0.5496120731986774,0.047559035646577964,28611,9.410611303344867,1.0872665533606174,0.0,1.0625625222384255e-199,0.0
1.8,1.3416,0.8,white,910.8666666666667,23.752520334108173,27326,0.649814863320017,0.0,27296,10.974208675263775,6.0,1.2252763552753354,2.847874045219406,1.0649776659577619,0.0,9.32377789784137e-211,0.6407488636564393,0.13691123480084014,25516,10.675223389245962,0.9413798287008551,0.0,0.0,0.0
1.8,1.3416,1.0,white,817.4,27.555519713238336,24522,0.6470877175695844,0.0,24492,12.228891066470684,6.0,1.3178771442634858,2.80015441222512,0.9346631940805963,0.0,0.0,0.9609611636559992,0.9500284590458984,22800,12.067894736842105,0.8316777225066316,0.0,0.0,0.0
1.8,1.3416,1.2,white,742.2333333333333,26.577789390558593,22267,0.6478560160218135,0.0,22237,13.460493771641858,5.0,1.3987703352954652,2.856021887901023,0.8328700782851675,0.0,0.0,0.9845108657778713,0.9772612722706264,20519,13.509868901993274,0.7479369850539828,0.0,2.8395199007746093e-33,0.0
1.8,1.3416,1.4,white,701.7333333333333,24.532880430602155,21052,0.6444270655500259,0.0,21022,14.233517267624393,5.0,1.4383688494427667,2.75613162710241,0.7735306430254252,0.0,0.0,0.8872545486709429,0.7202798452142891,19296,14.422989220563847,0.6941912730310013,0.0,0.0,0.0
1.8,1.3416,1.6,white,685.6333333333333,28.277769046058463,20569,0.648727115734041,0.0,20539,14.563805443302984,5.0,1.461880243714496,2.752363910491717,0.739595074689301,0.0,0.0,1.2064841467155962,0.409865588277178,18639,14.952143355330222,0.6693310321029523,0.0,0.0,0.0
1.8,1.3416,1.8,white,702.1666666666666,29.442693868296463,21065,0.6539016184181288,0.0,21035,14.221155217494651,5.0,1.4726670585429822,2.7453922321630033,0.7292124664891221,0.0,0.0,1.2771389050312252,0.2905588974742912,18931,14.69563150388252,0.6596102541635249,0.0,0.0,0.0
1.8,1.3416,2.0,white,748.6333333333333,24.58655911039381,22459,0.6642671123917891,0.0,22429,13.342592179767266,4.0,1.4857668230531764,2.8217550970409775,0.7278372728267145,0.0,1.3365941402733666e-295,0.8353136980643655,0.564387271367136,19889,13.923374729750114,0.6590423828938817,0.0,0.0,0.0
1.8,1.3416,2.2,white,822.7,30.89784242737131,24681,0.6690064465982115,0.0,24651,12.139710356577826,4.0,1.4805801660956386,2.859834259098272,0.7444646146406314,0.0,0.0,1.2004333921528356,0.42152094644701443,21613,12.709295331513442,0.6694080633697814,0.0,0.0,0.0
1.8,1.3416,2.4,white,932.1666666666666,26.924689206913587,27965,0.6742638636948879,0.0,27935,10.71612672274924,4.0,1.4551899274830093,2.802310621359259,0.7788047247899791,0.0,0.0,0.8045093312453375,0.47761469030537984,24128,11.252445291777189,0.6971762574334421,0.0,0.0,0.0
1.8,1.3416,2.6,white,1058.4,27.98166066074945,31752,0.6797595607133602,0.0,31722,9.437897988777504,3.0,1.439335301577821,2.917537560438383,0.8134183059121588,0.0,0.0,0.7652800583835067,0.3757879591991067,26720,10.019947604790419,0.731682878831691,0.0,0.0,0.0
1.8,1.3416,2.8,white,1221.1333333333334,42.23484606604152,36634,0.6891406952579293,0.0,36604,8.181127745601573,3.0,1.4049750851301843,2.8440964335779335,0.8614461154966236,0.0,2.3117254066282918e-265,1.5111306060132572,0.07629166829272505,30135,8.724805043968807,0.7712775128871788,0.0,0.0,0.0
1.8,1.3416,3.0,white,1404.8,36.518853578208976,42144,0.6971000718462911,0.0,42114,7.113548938595241,3.0,1.375349684432705,2.9601810708821783,0.9172537621521667,0.0,0.0,0.9820713219699945,0.9847406352838541,33747,7.631196847127152,0.8198247782847533,0.0,0.0,0.0
1.9,1.3784,0.2,white,1239.8666666666666,27.101947449501775,37196,0.6540950979363443,0.0,37166,8.060001076252489,6.0,0.8845361309842017,2.219483928708049,1.6029025175440959,0.0,0.0,0.6128430569100869,0.10244397389815257,34660,7.577178303519908,1.4178201974793652,0.0,0.0,0.0
1.9,1.3784,0.4,white,1178.2333333333333,21.358344713223655,35347,0.6552952564812172,0.0,35317,8.484412605827222,6.0,0.9782236355989186,2.6985892926904373,1.45588537283878,0.0,0.0,0.400522699580416,0.0033709413617654532,32937,8.029996660290859,1.2829651273246203,1.6033129928589913e-222,0.0,0.0
1.9,1.3784,0.6,white,1083.2666666666667,19.830840179433203,32498,0.6573922032963707,0.0,32468,9.228286312677097,6.0,1.09107124651444,2.8622670700052035,1.2761760303866763,0.0,0.0,0.37555202336058885,0.0018410354338557653,30270,8.830591344565576,1.1228119524517122,8.048871331322857e-300,0.0,0.0
1.9,1.3784,0.8,white,987.4333333333333,23.32478414810211,29623,0.6586450081427903,0.0,29593,10.124455107626803,6.0,1.2030419630516038,2.9301017792866424,1.1077226843075345,0.0,0.0,0.5699683493836918,0.06200206504691003,27454,9.839804764333067,0.9808485307376538,0.0,0.0,0.0
1.9,1.3784,1.0,white,895.5333333333333,31.483046584189122,26866,0.6546855289223507,0.0,26836,11.160008943210613,5.0,1.2951861668745008,2.880306918174911,0.9730917921613054,0.0,0.0,1.1449723660465607,0.5391588774994411,24759,11.017569368714407,0.8665782247297048,0.0,0.0,0.0
1.9,1.3784,1.2,white,821.0,29.23354237857602,24630,0.6559265660442186,0.0,24600,12.168658536585365,5.0,1.3652787873082817,2.8375002379883085,0.8784041370617773,0.0,0.0,1.0768196900331808,0.7095326795107333,22496,12.218616642958748,0.791604427849399,0.0,0.0,0.0
1.9,1.3784,1.4,white,778.1,27.235210053654196,23343,0.659795471732648,0.0,23313,12.835413717668255,5.0,1.4100208261469305,2.761412864812553,0.8123374360916928,0.0,0.0,0.9861643526007207,0.9721999972950774,21178,13.033903106997828,0.731977902857428,0.0,0.0,0.0
1.9,1.3784,1.6,white,764.7666666666667,29.079985480662735,22943,0.6555631070357165,0.0,22913,13.062846419063414,5.0,1.4344996964378915,2.7524096231492448,0.7785751435573617,0.0,0.0,1.1438858219846186,0.5416570176963098,20637,13.398362165043368,0.7038435357490777,0.0,0.0,0.0
1.9,1.3784,1.8,white,783.5333333333333,25.420114520242077,23506,0.6640345162298397,0.0,23476,12.74829613222014,4.0,1.4522966480828594,2.76101844986356,0.7618791762176794,0.0,0.0,0.8531409442050011,0.6167788143888754,20882,13.212479647543338,0.6901472705515227,0.0,0.0,0.0
1.9,1.3784,2.0,white,831.8666666666667,25.67714072001701,24956,0.6679574021315408,0.0,24926,12.00766268153735,4.0,1.4697621797865261,2.8258843854569338,0.7621157207108662,0.0,0.0,0.8199037202027293,0.5203223849616151,21899,12.533403351751222,0.6895250268948915,0.0,0.0,0.0
1.9,1.3784,2.2,white,908.3666666666667,28.302512648565713,27251,0.673454008355462,0.0,27221,10.994452812167077,4.0,1.4664092324732476,2.916723554620769,0.7735561665335186,0.0,0.0,0.9122461814118811,0.7978480984497135,23482,11.589430201856741,0.6997035037759131,0.0,0.0,0.0
1.9,1.3784,2.4,white,1011.0666666666667,35.98882542617299,30332,0.6807691352916229,0.0,30302,9.880238928123557,3.0,1.4338372122020686,2.787739215271971,0.8076230506236568,0.0,0.0,1.3251920129873083,0.22611293085544304,25804,10.431212215160441,0.7275947104008222,0.0,0.0,0.0
1.9,1.3784,2.6,white,1154.1666666666667,33.920577170141954,34625,0.686718325458952,0.0,34595,8.652175169822229,3.0,1.422735148728337,2.941598499534664,0.8483081387615277,0.0,0.0,1.0312909249346445,0.8372709231706099,28845,9.179857860981105,0.7609426322346854,0.0,0.0,0.0
1.9,1.3784,2.8,white,1308.9333333333334,35.91929224741985,39268,0.6979306603446007,0.0,39238,7.632932361486314,3.0,1.3873714429351793,2.8849619539432028,0.8926600236194815,0.0,0.0,1.019673824084189,0.8713321737173676,31937,8.151266556032189,0.7997303369221131,0.0,0.0,0.0
1.9,1.3784,3.0,white,1501.9333333333334,36.21227538955387,45058,0.6978512934432145,0.0,45028,6.653993070978058,3.0,1.3603554053595872,2.939746907271886,0.9504778261617706,0.0,0.0,0.903200625706943,0.7696640714021149,35706,7.131910603259956,0.8476497805815966,0.0,0.0,0.0
2.0,1.4142,0.2,white,1289.7666666666667,24.63964736399899,38693,0.6606545498363718,0.0,38663,7.748777901352715,6.0,0.8794440096297459,2.1892977003121548,1.613000879474695,0.0,0.0,0.48694631569285013,0.018509678172608277,35856,7.283606648817492,1.4301156901704564,0.0,2.1162512087027002e-287,5.414325204846488e-289
2.0,1.4142,0.4,white,1232.9333333333334,23.944287186903036,36988,0.6605149950777341,0.0,36958,8.10852860003247,6.0,0.9653978833880729,2.5801522390728304,1.4710353442754587,0.0,0.0,0.48104697516063,0.016748542479730035,34236,7.6781750204463135,1.2999485913435243,0.0,0.0,0.0
2.0,1.4142,0.6,white,1146.7666666666667,19.58857376692398,34403,0.6657184514521228,0.0,34373,8.717394466587146,6.0,1.0721742754506105,2.8647142909770675,1.3094048402087863,1.1755177592979245e-243,8.932952714182412e-136,0.34614162557996647,0.0008318806828731079,31844,8.335008164803417,1.1538109460084527,5.984319840719287e-158,0.0,6.982973169042383e-254
2.0,1.4142,0.8,white,1057.3,21.240134965045144,31719,0.6640808688548898,0.0,31689,9.455804853419167,5.0,1.179361789300363,2.9543146263692255,1.144873534351209,0.0,0.0,0.4414073583656483,0.008073371931956848,29162,9.19292229613881,1.0171224456995314,0.0,0.0,0.0
2.0,1.4142,1.0,white,973.1666666666666,28.879154342805045,29195,0.6617723939758879,0.0,29165,10.271318361049202,5.0,1.2723305614356788,2.9740483255062453,1.0154622122988741,0.0,0.0,0.8865535548718191,0.7181202473607953,26684,10.138022785189627,0.9067225037608675,0.0,0.0,0.0
2.0,1.4142,1.2,white,904.3666666666667,28.70480021800458,27131,0.6605315304413382,0.0,27101,11.051843105420463,5.0,1.3411952432913667,2.9197200371454,0.9225481004330899,0.0,0.0,0.9425139076180831,0.8925012815797059,24651,11.055697537625248,0.8270828864840557,0.0,0.0,0.0
2.0,1.4142,1.4,white,857.0,25.89465839383353,25710,0.6645309526906582,0.0,25680,11.65845015576324,5.0,1.387370868270192,2.871243616394225,0.8551798659272586,0.0,0.0,0.809399267694041,0.4910283255442352,23151,11.827696427800095,0.7715872970436372,0.0,0.0,0.0
2.0,1.4142,1.6,white,845.4666666666667,26.349868226531143,25364,0.6638294875524419,0.0,25334,11.815465382489934,4.0,1.4181240893823253,2.829873400756173,0.8163283199618971,0.0,0.0,0.8495396679518623,0.6060852035471767,22681,12.085225519157003,0.7345170434543409,0.0,0.0,0.0
2.0,1.4142,1.8,white,866.1666666666666,26.821736624528164,25985,0.6712524640926486,0.0,25955,11.536736659603159,4.0,1.4287285197908068,2.7990437195045113,0.7992569047178683,0.0,0.0,0.8592025903538513,0.6348924370264074,22914,11.939382037182508,0.7224815163934176,0.0,0.0,0.0
2.0,1.4142,2.0,white,911.7,23.958505796480715,27351,0.6736733236557797,0.0,27321,10.956077742395959,4.0,1.4499017660908495,2.884994791715705,0.7930778996681639,0.0,0.0,0.6513145204298146,0.1517535942290108,23747,11.458373689308123,0.7179955518963502,0.0,0.0,0.0
2.0,1.4142,2.2,white,990.5666666666667,28.22963375997326,29717,0.6797979035987283,0.0,29687,10.086906726850136,4.0,1.4408840443408035,2.9239376372909263,0.8095589842901095,0.0,0.0,0.8322427775579517,0.5555091704876901,25446,10.60469228955435,0.7299852502858997,0.0,0.0,0.0
2.0,1.4142,2.4,white,1091.0333333333333,25.571446750015706,32731,0.6882718317861514,0.0,32701,9.154154307207731,3.0,1.410361157130707,2.7923596133573305,0.836406123950146,0.0,0.0,0.6200059207816275,0.11064919059177647,27522,9.691374173388562,0.7541980124984831,0.0,0.0,0.0
2.0,1.4142,2.6,white,1225.4,31.491374480429823,36762,0.6918265213892113,0.0,36732,8.150931068278341,3.0,1.4036418229116139,2.9758543410191707,0.8717921094410526,0.0,0.0,0.8371988316271112,0.5698598217398705,30263,8.681657469517232,0.7840000180379794,0.0,0.0,0.0
2.0,1.4142,2.8,white,1388.3333333333333,31.860459646541337,41650,0.7011896319997609,0.0,41620,7.196828447861605,3.0,1.3719653856427927,2.9341142266058706,0.9193769140223618,0.0,0.0,0.756368754398311,0.3542331317301823,33458,7.7104728316097795,0.8259268560234733,0.0,0.0,0.0
2.0,1.4142,3.0,white,1594.2333333333333,40.54765372031065,47827,0.7044586142436232,0.0,47797,6.269347448584639,3.0,1.3296511027308777,2.935470994923002,0.9866042250761562,0.0,0.0,1.0668486924497271,0.7366480725944842,37497,6.718457476598128,0.8802465542031416,0.0,0.0,0.0
